date,open,high,low,close,volume
2021-12-02 15:30:00+05:30,17500.0,17646.252314779264,17426.442395395665,17573.659405368067,605050
2021-12-03 15:30:00+05:30,17712.428613022847,17762.78838943223,17605.628739639742,17699.06016065389,812733
2021-12-06 15:30:00+05:30,17603.786176242862,17607.420423843123,17372.795168972123,17508.733304359295,936418
2021-12-07 15:30:00+05:30,17440.76879491795,18123.594387632795,17406.051974183938,17983.662744765013,629866
2021-12-08 15:30:00+05:30,17889.377586907583,18076.548239819545,17806.681081970164,18012.448435395665,966642
2021-12-09 15:30:00+05:30,17941.450122353202,18517.84586928483,17606.15228494856,18434.215054979806,739756
2021-12-10 15:30:00+05:30,18853.0341890466,19869.345791336702,18536.491206036895,19761.187912700098,1056287
2021-12-13 15:30:00+05:30,19869.404016825647,20097.351453299976,18839.089469938615,19133.471587953743,1272360
2021-12-14 15:30:00+05:30,18879.733555621726,19812.31467027039,18564.196534716393,19620.918741329348,936496
2021-12-15 15:30:00+05:30,19414.533142699212,19670.336968608754,19117.027333231585,19344.36111533076,934457
2021-12-16 15:30:00+05:30,19708.48534169269,20256.977673200625,19540.374690407978,19973.312139095557,751609
2021-12-17 15:30:00+05:30,20058.677562760087,20333.04762249233,19810.246335393535,19946.930598700892,777752
2021-12-20 15:30:00+05:30,20006.075419621207,20525.23332028595,19987.500129002452,20074.720078268416,738121
2021-12-21 15:30:00+05:30,20012.63345288824,20483.012429454277,19557.380981895934,20415.234450895023,797999
2021-12-22 15:30:00+05:30,20305.500746304933,20378.316033981893,19787.531461470404,20093.518365568398,937081
2021-12-23 15:30:00+05:30,20273.271691387326,20764.833583769552,20239.039298127936,20255.462181888048,1135883
2021-12-24 15:30:00+05:30,20204.062680335024,20347.195300449548,19945.834063702336,20220.148193332392,932101
2021-12-27 15:30:00+05:30,20237.879170239383,20399.370797683107,20192.25038229588,20275.830120542,930434
2021-12-28 15:30:00+05:30,20315.707259362644,20336.358892688244,20150.81812831682,20331.791729779994,834253
2021-12-29 15:30:00+05:30,20327.013537254083,20522.64603514621,20306.759236611026,20371.963048035035,741616
2021-12-30 15:30:00+05:30,20510.87465726341,20543.34263842737,20125.292562391944,20264.855180768445,541550
2021-12-31 15:30:00+05:30,20379.7630023958,20872.55156681396,20330.52479233927,20665.124330502626,848909
2022-01-03 15:30:00+05:30,20840.541266220844,21044.967177799517,20520.895240300684,20541.603226312734,984859
2022-01-04 15:30:00+05:30,20900.96821175804,21019.135915305495,20411.604423359964,20468.885698388272,703458
2022-01-05 15:30:00+05:30,20379.81006094253,20619.216605862704,20256.948605063262,20551.54643165792,817146
2022-01-06 15:30:00+05:30,20578.802314724453,20816.55771570133,20518.23997647751,20682.12456043555,738751
2022-01-07 15:30:00+05:30,20619.586874180553,20832.421989642873,20524.18163562418,20678.617136237976,994937
2022-01-10 15:30:00+05:30,20529.943773682513,20800.74439023805,20435.960442629934,20678.716424200815,626453
2022-01-11 15:30:00+05:30,20585.378702163343,20816.40724378185,20399.513313409374,20789.012520641852,895259
2022-01-12 15:30:00+05:30,20776.12033816995,20879.091793222255,20615.053708132156,20827.53894581163,685293
2022-01-13 15:30:00+05:30,20788.576076587076,20899.605939506782,20643.891412379733,20797.719600196935,1041159
2022-01-14 15:30:00+05:30,20782.98700705841,21195.296023591745,20747.163047087313,21022.320731854714,994999
2022-01-17 15:30:00+05:30,21060.35388258488,21135.358066830922,20889.604318832582,20990.689122963104,623280
2022-01-18 15:30:00+05:30,20955.25522097295,21248.85779775916,20937.948886830018,21008.23376510124,1018467
2022-01-19 15:30:00+05:30,21046.53044885466,21227.268405099698,20927.564367825296,21131.433947502363,679458
2022-01-20 15:30:00+05:30,21125.805100480397,21346.514800584187,21014.354280590727,21208.452085029126,1175379
2022-01-21 15:30:00+05:30,21325.55759194412,21446.65299484795,21209.385422181993,21306.93605659913,976826
2022-01-24 15:30:00+05:30,21369.661102147184,21605.797909194775,21270.14010296407,21271.188784191716,707862
2022-01-25 15:30:00+05:30,21201.04218033117,21412.060565066135,20985.21019642012,21383.557546781154,920864
2022-01-26 15:30:00+05:30,21402.194270145676,21421.65923701079,21115.939286542525,21345.491073673253,932596
2022-01-27 15:30:00+05:30,21371.638436079957,21432.539861891088,21160.34000744612,21412.797070116,804781
2022-01-28 15:30:00+05:30,21594.194107548534,21603.696090034297,21347.703768737116,21519.866452471135,896973
2022-01-31 15:30:00+05:30,21425.14693499729,21936.84467167256,21230.99689497542,21865.914810344875,1132843
2022-02-01 15:30:00+05:30,21986.52147508055,22082.221916212795,21575.2591140459,21706.04052335385,953077
2022-02-02 15:30:00+05:30,21826.861433466755,21916.498902725278,21698.259156078497,21785.20979983683,781770
2022-02-03 15:30:00+05:30,21776.532071295667,21980.49869064435,21655.659985980947,21851.697423823756,818564
2022-02-04 15:30:00+05:30,21831.937165594565,21943.918564017564,21659.077579128578,21798.389603824693,662594
2022-02-07 15:30:00+05:30,21750.51684591296,21787.43990306399,21520.691088180458,21688.578649308274,1014388
2022-02-08 15:30:00+05:30,21525.802955856223,21678.315127274756,21269.911043992786,21664.68599051957,1108578
2022-02-09 15:30:00+05:30,21752.980582685384,22035.737144303162,21728.610475520843,21844.319254685848,686601
2022-02-10 15:30:00+05:30,21570.1471197543,22070.08920241666,21539.86342549143,21922.03759162954,884024
2022-02-11 15:30:00+05:30,21867.49345446656,22225.075633502816,21831.544602524824,22057.715700091125,921675
2022-02-14 15:30:00+05:30,21939.207303945615,22062.539598112853,21640.09347026182,21747.392002335637,991767
2022-02-15 15:30:00+05:30,21707.613488904797,21857.128806894976,21530.980958631488,21832.49398010631,695582
2022-02-16 15:30:00+05:30,21833.495011164687,21998.592411076144,21513.66076443711,21556.539688821704,747368
2022-02-17 15:30:00+05:30,21574.212842646142,21906.741684083525,21572.6150313099,21630.270200462102,1243056
2022-02-18 15:30:00+05:30,21674.74105380212,21765.048010381342,21382.627056928217,21515.062746762826,927987
2022-02-21 15:30:00+05:30,21561.614209492906,21699.37245764812,21464.848827349975,21564.934430685167,669310
2022-02-22 15:30:00+05:30,21520.962295716075,21789.339405913008,21458.162928596284,21649.014302397547,642570
2022-02-23 15:30:00+05:30,21573.446669905974,21785.13594143033,21418.99699826585,21471.05047808063,787210
2022-02-24 15:30:00+05:30,21519.254809946764,21612.778018891036,21198.797832701614,21308.28961795558,658332
2022-02-25 15:30:00+05:30,21499.776188199136,21551.391466193567,21234.208453172003,21396.96060403044,955377
2022-02-28 15:30:00+05:30,21386.21803924111,21568.977000772622,21189.76578765816,21567.29281540112,842482
2022-03-01 15:30:00+05:30,21391.13454907887,21673.06937928011,21316.162302536442,21509.455470374163,865921
2022-03-02 15:30:00+05:30,21225.74978024048,21690.402943685607,21168.311330122244,21496.80645509147,1182447
2022-03-03 15:30:00+05:30,21324.400725279134,21785.185336239545,21222.20748741777,21704.545712538016,597208
2022-03-04 15:30:00+05:30,21871.039843317358,21975.9421999335,21497.50282977761,21663.115149332756,843302
2022-03-07 15:30:00+05:30,21809.058548642744,22049.683118151785,21699.02942292316,21716.892176904126,1030166
2022-03-08 15:30:00+05:30,21594.020875217753,21838.017652296632,21430.680572086716,21820.96051712316,686847
2022-03-09 15:30:00+05:30,21726.42170973143,22171.15893856827,21714.80076609782,21916.186715162545,863185
2022-03-10 15:30:00+05:30,21788.25430010737,21975.170838580227,21514.179353426585,21582.253417986754,1034093
2022-03-11 15:30:00+05:30,21597.829577693672,21844.309016912455,21576.44473644309,21615.187877309996,1046350
2022-03-14 15:30:00+05:30,21677.16660323016,21803.98773677184,21595.589829548815,21640.87671911489,727054
2022-03-15 15:30:00+05:30,21767.706778922595,21928.1594964307,21673.627679077577,21708.20148594148,824893
2022-03-16 15:30:00+05:30,21870.265048426478,21960.675620477374,21266.68970789349,21398.919095325557,684743
2022-03-17 15:30:00+05:30,21554.695186897945,21630.255247472316,21180.446217766734,21359.967566454245,1184113
2022-03-18 15:30:00+05:30,21453.88323797913,21601.808003844264,21096.176489607424,21188.17682186813,717713
2022-03-21 15:30:00+05:30,21359.569236054787,21379.41880897752,20803.422032092836,20984.287152047953,905157
2022-03-22 15:30:00+05:30,20955.803371749,21209.976000644354,20932.494190573758,21001.802797781245,813545
2022-03-23 15:30:00+05:30,20905.851616960525,21204.40717686852,20887.796913703314,20959.269581107652,798440
2022-03-24 15:30:00+05:30,20915.39676720329,20990.05123084149,20406.540430810215,20573.21605045848,966497
2022-03-25 15:30:00+05:30,20552.32304087406,20888.00926498892,20339.007965431276,20866.622535452363,994940
2022-03-28 15:30:00+05:30,20952.241015317974,21008.797412783522,20620.39739326752,20799.823748927793,875882
2022-03-29 15:30:00+05:30,20736.55922632748,20844.649246314122,20644.67327429077,20759.796562708903,542238
2022-03-30 15:30:00+05:30,20874.39323705539,21031.183866803553,20516.71965118743,20557.25442413607,595361
2022-03-31 15:30:00+05:30,20390.271797188492,20960.476373498237,20270.85629760994,20832.572506529283,719473
2022-04-01 15:30:00+05:30,20801.001979006738,21127.823634541466,20682.049530920558,21042.730455889738,1047990
2022-04-04 15:30:00+05:30,21037.523216916084,21211.42852795611,20998.48926086921,21016.757853751496,696726
2022-04-05 15:30:00+05:30,21204.93198803711,21283.104394782473,20787.634541756917,20950.36151290807,1009531
2022-04-06 15:30:00+05:30,20906.00242968878,21087.665536549328,20855.55674920572,20913.705414697655,967517
2022-04-07 15:30:00+05:30,20972.155549002175,21257.4517179016,20960.273122223694,21019.000343731645,952981
2022-04-08 15:30:00+05:30,21128.248316671044,21337.56225413409,20910.713783576586,20961.361176814145,1213077
2022-04-11 15:30:00+05:30,20994.287752108095,21166.065152407067,20771.034002987377,20782.01713543798,745105
2022-04-12 15:30:00+05:30,20680.727702708824,20939.548587648052,20484.347917348445,20903.763226633368,900085
2022-04-13 15:30:00+05:30,20732.114196160506,21139.1288318176,20579.622653486163,21082.862454412607,670247
2022-04-14 15:30:00+05:30,21126.172537029848,21262.948298454594,21025.847607797135,21121.114986596178,1026817
2022-04-15 15:30:00+05:30,21270.51414571827,21421.83142511242,21154.18424054045,21234.98910786534,666962
2022-04-18 15:30:00+05:30,21300.84355261259,21352.069715980964,21108.083971957338,21285.60619501102,758170
2022-04-19 15:30:00+05:30,21379.339074871976,21578.15014779985,21231.274832353276,21249.623840295924,715183
2022-04-20 15:30:00+05:30,21199.97439914854,21455.62283883091,21176.446805829066,21250.64576394564,809329
2022-04-21 15:30:00+05:30,21223.545551865358,21424.004433915354,21017.516001082615,21061.106168826147,827484
2022-04-22 15:30:00+05:30,21081.862570631023,21396.450897880386,21047.62284302896,21197.310209763258,1022868
2022-04-25 15:30:00+05:30,21182.805957563916,21202.197411177556,20835.35656554594,21028.442107392006,1038234
2022-04-26 15:30:00+05:30,20886.05238675231,21285.14342791449,20751.79233252281,21206.584485272455,865934
2022-04-27 15:30:00+05:30,21300.78109121195,21927.32496622568,21296.003624647576,21668.30186165774,778600
2022-04-28 15:30:00+05:30,21664.182349683357,21897.481441487205,21612.251443197696,21636.666682933967,848813
2022-04-29 15:30:00+05:30,21566.10015667518,21805.60647502138,21376.363288904475,21736.070130251726,1071876
2022-05-02 15:30:00+05:30,21667.20444068467,22048.19520199132,21658.356438854218,21849.302067797027,711396
2022-05-03 15:30:00+05:30,21881.78607007063,21982.213990559758,21715.953356035403,21949.051796536194,818456
2022-05-04 15:30:00+05:30,21801.799747675046,21947.967742578876,21641.341969371068,21902.580749492743,694432
2022-05-05 15:30:00+05:30,21927.7501033227,21997.45977717432,21766.185679497845,21974.18584521694,969128
2022-05-06 15:30:00+05:30,21963.827804736004,22237.801321426723,21743.977976827937,22195.52348486134,968308
2022-05-09 15:30:00+05:30,21980.960589290782,22422.819602711977,21897.344933974833,22238.200428958167,776378
2022-05-10 15:30:00+05:30,22398.193252877794,22427.89388475187,21989.99824339865,22139.249821764606,518037
2022-05-11 15:30:00+05:30,22042.425165151188,22488.50785905093,21923.22109396824,22366.98964556512,1042760
2022-05-12 15:30:00+05:30,22437.164109183348,22493.608578649964,22197.16729967836,22324.892780526712,643019
2022-05-13 15:30:00+05:30,22292.15313995989,22546.29650298534,22243.45711944154,22386.385612847716,626418
2022-05-16 15:30:00+05:30,22334.327977426583,22552.00320178472,22289.129297230855,22342.280451568553,1014087
2022-05-17 15:30:00+05:30,22409.235693632334,22495.469330114454,22203.119792915066,22387.002709085755,879161
2022-05-18 15:30:00+05:30,22299.61871251518,22491.360591031294,22126.791603425605,22448.970516936428,652971
2022-05-19 15:30:00+05:30,22527.454312342084,22736.715949232923,22419.03592406964,22455.435913359102,1158174
2022-05-20 15:30:00+05:30,22571.25233093756,22739.09573894012,22358.14623571351,22408.48032644799,695617
2022-05-23 15:30:00+05:30,22256.81004971458,22619.90085283242,22179.023018965625,22520.388885210894,857783
2022-05-24 15:30:00+05:30,22506.26997641877,22719.416881795903,22374.760779851607,22604.65231742336,1154124
2022-05-25 15:30:00+05:30,22668.638624009352,22848.490270269936,22491.77958828337,22826.25122214968,937811
2022-05-26 15:30:00+05:30,22611.890079639474,22826.644243903753,22510.812978131224,22669.66150043955,775691
2022-05-27 15:30:00+05:30,22577.05595094378,22825.939421415376,22499.36760932427,22701.993264648125,880285
2022-05-30 15:30:00+05:30,22745.123887898204,23109.57629900916,22574.095836709752,23027.114852824307,1013073
2022-05-31 15:30:00+05:30,22845.979140754363,23187.41903606995,22843.164987211978,23000.777641177046,724939
2022-06-01 15:30:00+05:30,23052.637039436886,23096.652050644698,22547.505211579686,22722.606998426585,650802
2022-06-02 15:30:00+05:30,22681.50227266255,22848.237476179842,22446.5728662454,22823.15454122106,846185
2022-06-03 15:30:00+05:30,22954.220420412763,23167.83620789897,22801.653231477834,23038.045113555214,1167004
2022-06-06 15:30:00+05:30,22988.170149139107,23212.177720346648,22892.47159171901,23080.98433777036,604035
2022-06-07 15:30:00+05:30,23046.13021704095,23242.87079491212,22925.259210309963,23120.414467812985,1022668
2022-06-08 15:30:00+05:30,23045.86528519293,23187.35524461672,22700.604093492886,22741.518010411677,569326
2022-06-09 15:30:00+05:30,22753.1897300656,23164.218782976237,22709.828802823944,23005.257821890093,856051
2022-06-10 15:30:00+05:30,22774.974439502294,23304.50891859967,22551.112442536323,23267.986858657994,1143744
2022-06-13 15:30:00+05:30,23258.889448361395,23608.27193073762,23109.329250612966,23567.625511303126,533154
2022-06-14 15:30:00+05:30,23300.726155780052,23355.73558926284,22979.49023225837,23108.63551680981,847175
2022-06-15 15:30:00+05:30,22895.613357468595,23149.460458255686,22844.747443781675,22918.874238722405,708140
2022-06-16 15:30:00+05:30,22964.46616716053,23071.813111290074,22698.805092379065,22845.324498213882,825541
2022-06-17 15:30:00+05:30,22814.009407023746,23018.397466765993,22706.391815524497,22859.125325160145,1137786
2022-06-20 15:30:00+05:30,22789.27198749929,22876.9650903071,22645.005926754635,22736.95923824938,564434
2022-06-21 15:30:00+05:30,22726.54366230525,22747.10806493513,22505.242510082775,22682.604114169284,717412
2022-06-22 15:30:00+05:30,22606.17633415193,22962.6125009471,22390.06448493781,22943.37932351538,903068
2022-06-23 15:30:00+05:30,22854.50427942782,23233.795719250822,22839.583453912262,23039.205848909623,624955
2022-06-24 15:30:00+05:30,22840.629894828136,23298.309828225065,22757.499593656907,23106.910518830133,736837
2022-06-27 15:30:00+05:30,23187.50167173497,23358.160665402036,22842.703648392475,22951.105905901117,1276211
2022-06-28 15:30:00+05:30,23020.99975661238,23180.977316258017,22910.468692456445,23084.33134380556,725283
2022-06-29 15:30:00+05:30,23194.473090468582,23458.729277442595,23143.550808795902,23248.155190295598,694069
2022-06-30 15:30:00+05:30,23205.838492864597,24067.288039947216,23093.10790473762,23980.065860785126,887206
2022-07-01 15:30:00+05:30,23931.100552571243,24203.90719447823,23773.262275656583,24107.5606021518,968535
2022-07-04 15:30:00+05:30,24145.73663874316,24382.391536923853,24054.525514187153,24264.8035784663,557310
2022-07-05 15:30:00+05:30,24239.33667635188,24482.236817387147,24094.89422833521,24349.337172014646,1101428
2022-07-06 15:30:00+05:30,24610.024205028367,24810.878201585423,24030.123589422692,24124.33617768865,711884
2022-07-07 15:30:00+05:30,24224.984687446322,24302.0600430363,23846.813360217482,23985.813058156415,591362
2022-07-08 15:30:00+05:30,24244.829993608284,24394.67451715996,24065.49182784856,24211.16885531842,1002830
2022-07-11 15:30:00+05:30,24262.435561741822,24356.520142731366,24044.994189306464,24236.33214451443,1198846
2022-07-12 15:30:00+05:30,24221.599660282183,24462.632445443454,24012.784251550627,24378.8730445525,863575
2022-07-13 15:30:00+05:30,24448.167492562978,24478.002976590375,23926.435695270837,24137.773848538523,847281
2022-07-14 15:30:00+05:30,24095.387909940317,24110.947885525788,23693.23164210219,23915.460922063725,890373
2022-07-15 15:30:00+05:30,24000.986809471484,24139.58655792794,23866.25653642701,23932.860728049236,768784
2022-07-18 15:30:00+05:30,23942.187603911552,24034.489032703776,23688.934465589926,23815.498482549905,995894
2022-07-19 15:30:00+05:30,23896.891546082818,24188.847383501572,23895.74517805838,23974.708096105795,708869
2022-07-20 15:30:00+05:30,24215.900905983533,24381.49518972945,23847.245457616806,23914.0757116032,1032331
2022-07-21 15:30:00+05:30,23898.473914265036,23973.280707556405,23505.202494782545,23649.688175276475,1025671
2022-07-22 15:30:00+05:30,23703.33195970147,23838.63684080422,23448.258101052787,23808.173461042716,904800
2022-07-25 15:30:00+05:30,23933.380881585057,23935.91293985314,23560.435528073733,23770.697584251997,767103
2022-07-26 15:30:00+05:30,23889.25117958428,24045.53897912359,23661.72151486563,23731.81319286964,870524
2022-07-27 15:30:00+05:30,23477.232724474652,23904.752108999048,23463.896066134268,23732.565375150465,617011
2022-07-28 15:30:00+05:30,23757.700477930408,23867.17236946499,23619.65180310205,23697.64041638475,751741
2022-07-29 15:30:00+05:30,23606.32694820304,24154.15074073479,23437.53568377623,24110.696845658684,975415
2022-08-01 15:30:00+05:30,24162.796119828272,24247.402592173003,24012.885130514296,24201.484724638995,822150
2022-08-02 15:30:00+05:30,24213.951855484003,24703.019564163766,23963.84103141295,24684.932891233733,1072740
2022-08-03 15:30:00+05:30,24870.89595635528,24880.15872302442,24416.55715706427,24709.834760834747,1049978
2022-08-04 15:30:00+05:30,24763.487329164236,24767.747965281014,24279.79363701418,24477.824223765874,752003
2022-08-05 15:30:00+05:30,24485.908108070344,24552.243481203717,24087.53635492087,24281.916576963864,709394
2022-08-08 15:30:00+05:30,24251.061544108506,24609.631344182235,24166.565627970787,24416.793420842772,1071651
2022-08-09 15:30:00+05:30,24514.780460794624,24665.106043704163,24103.830733027513,24210.975003825533,647335
2022-08-10 15:30:00+05:30,24193.53210330249,24445.38364265699,24022.77802197765,24382.52398549125,989846
2022-08-11 15:30:00+05:30,24625.962769403115,24716.966472749973,24466.71212149896,24634.186604807484,819146
2022-08-12 15:30:00+05:30,24675.62126097563,24789.72622892001,24509.822518297635,24751.60247959727,679308
2022-08-15 15:30:00+05:30,24943.171126798345,25141.167329997385,24783.377279012082,24796.005592916637,676683
2022-08-16 15:30:00+05:30,24855.52305320674,25027.257665018857,24551.41574971728,24601.040795889257,714074
2022-08-17 15:30:00+05:30,24473.29240287951,24513.72371337037,23733.96445610362,23912.131336875023,664456
2022-08-18 15:30:00+05:30,24063.858101657137,24226.800346720403,23943.06255797034,24119.68153217479,886334
2022-08-19 15:30:00+05:30,24061.230740902927,24203.586843948175,23669.242990287814,23796.746147954116,1072210
2022-08-22 15:30:00+05:30,23785.66237669854,24276.171156951295,23733.512373707123,24052.50044763403,1212601
2022-08-23 15:30:00+05:30,24015.452682391322,24182.441641038506,23856.067284680128,23927.463264136288,656540
2022-08-24 15:30:00+05:30,24038.578397799432,24244.32058993807,23739.57575489154,23806.1125425619,1100918
2022-08-25 15:30:00+05:30,24013.51385798699,24102.84686752517,23480.216798727182,23663.811595488532,818572
2022-08-26 15:30:00+05:30,23496.220829444115,23915.880523302538,23393.82153401953,23775.046086157254,796775
2022-08-29 15:30:00+05:30,23902.46818863278,24033.680933083528,23722.309721700134,23859.879210665767,1101210
2022-08-30 15:30:00+05:30,23872.860178842613,24134.37571465694,23721.75122085811,24045.683000235367,608265
2022-08-31 15:30:00+05:30,24371.08425743749,24391.941977167837,23758.565764095958,24199.25654648764,598615
2022-09-01 15:30:00+05:30,24305.307572373244,24362.9234661641,23479.747664829396,23902.96417333549,886880
2022-09-02 15:30:00+05:30,23853.717683390845,24083.60106233454,23604.625995173872,23655.954901900986,810580
2022-09-05 15:30:00+05:30,23654.03910850344,23752.856143746696,23461.894812337556,23602.03328894565,687682
2022-09-06 15:30:00+05:30,23538.578687443984,23671.024096004865,23397.11840850442,23464.945219259644,566241
2022-09-07 15:30:00+05:30,23366.556842064532,23801.014768720583,23287.721189254542,23616.797144866352,771250
2022-09-08 15:30:00+05:30,23482.127204033317,23762.13706047673,23298.618461198523,23298.940536225655,1178578
2022-09-09 15:30:00+05:30,23429.223199851192,23566.455741116988,23195.350057945445,23310.40301759563,1110275
2022-09-12 15:30:00+05:30,23324.30079724449,23448.717690605634,23041.769324900706,23106.483852192894,520159
2022-09-13 15:30:00+05:30,23091.33228832704,23131.092195906334,22751.957563149663,22934.880578905762,894207
2022-09-14 15:30:00+05:30,22960.04131518005,23032.71814971299,22697.734085558746,22848.670588033125,839145
2022-09-15 15:30:00+05:30,22606.25614109307,22900.88824833802,22420.529379250107,22858.617363471436,974747
2022-09-16 15:30:00+05:30,22800.143932133622,22972.27141168492,22696.302838297262,22731.412237420485,934524
2022-09-19 15:30:00+05:30,22843.466852654125,22844.627621923424,22462.120612513794,22641.972681697538,912823
2022-09-20 15:30:00+05:30,22858.40173731014,22957.326144077288,22550.007859799123,22681.97238170499,1057171
2022-09-21 15:30:00+05:30,22677.20437732758,22779.63727484679,22473.148147679134,22620.585838160612,900411
2022-09-22 15:30:00+05:30,22509.132155077103,22803.796746700198,22335.012335509033,22734.671411189855,998408
2022-09-23 15:30:00+05:30,22512.661750772055,23111.8953265196,22486.11625593316,22901.56380617764,814238
2022-09-26 15:30:00+05:30,22994.23197445472,23133.38827302335,22735.384420216877,22856.72909234327,1080079
2022-09-27 15:30:00+05:30,22916.544952572665,23095.18111369505,22490.511679212777,22502.191367476098,821801
2022-09-28 15:30:00+05:30,22366.18071977633,22619.525388670067,22209.111828661516,22554.144232075592,633140
2022-09-29 15:30:00+05:30,22662.783347816778,22785.328855491283,22365.83077662282,22483.067609885013,811894
2022-09-30 15:30:00+05:30,22384.92593013119,22570.474227381546,22145.972179790653,22231.43353123955,1045289
2022-10-03 15:30:00+05:30,22240.95712617251,22264.70463834502,21817.050747196794,22065.92196162169,839132
2022-10-04 15:30:00+05:30,22265.14015381124,22277.543085975358,21715.27937465405,21920.178931994076,904315
2022-10-05 15:30:00+05:30,21933.598007643384,22181.64994781619,21852.982272358655,21858.72572113218,1044274
2022-10-06 15:30:00+05:30,21842.19460923086,22000.55060349192,21671.470075423906,21909.072891778822,1188895
2022-10-07 15:30:00+05:30,22301.301305314704,22443.837550329106,21769.55689157896,21807.975086478815,642547
2022-10-10 15:30:00+05:30,21795.19336733599,21872.60571895566,21358.212082219907,21501.25864433409,658703
2022-10-11 15:30:00+05:30,21441.160092768507,21647.443046667726,21280.04486710705,21332.732766590125,1095829
2022-10-12 15:30:00+05:30,21354.59552149342,21495.615232090066,20618.14099553513,20691.011536301703,1026745
2022-10-13 15:30:00+05:30,20687.51919550448,20783.304161878532,20506.987398040343,20624.244451755832,940373
2022-10-14 15:30:00+05:30,20467.59497057895,20775.801760456565,20292.701041645887,20768.02027220468,579006
2022-10-17 15:30:00+05:30,20853.285219940586,21175.357630736664,20812.722256951616,21017.122707001443,669610
2022-10-18 15:30:00+05:30,20971.695877799342,21104.492148254234,20881.16276552423,21015.05793765591,858077
2022-10-19 15:30:00+05:30,21003.505799563558,21110.766993925914,20877.129983542945,21024.56045370144,898461
2022-10-20 15:30:00+05:30,21050.316968605763,21385.058738692318,20911.3634322154,21320.634242087996,632048
2022-10-21 15:30:00+05:30,21327.98114457624,21524.22707655159,20882.49692222315,20932.356241112968,769165
2022-10-24 15:30:00+05:30,21068.67672286184,21294.064235116,20994.51698524934,21155.93472030797,995116
2022-10-25 15:30:00+05:30,20972.770135382918,21308.747573048513,20805.04912880893,21218.425724534987,997189
2022-10-26 15:30:00+05:30,21489.61131365253,21573.706417516685,21131.328929947038,21286.19837611702,800852
2022-10-27 15:30:00+05:30,21258.838273879832,21527.36920067522,21253.163442475998,21343.854706031223,815345
2022-10-28 15:30:00+05:30,21489.57806488912,21706.525551075236,21350.649604153576,21661.45072814304,933461
2022-10-31 15:30:00+05:30,21770.05330585385,22004.83227999642,21681.0277405756,21714.77226978804,1054499
2022-11-01 15:30:00+05:30,21907.574876494604,21950.095315371964,21300.776427497334,21442.583476663916,544349
2022-11-02 15:30:00+05:30,21647.27363375193,21850.201122403476,21558.190608924517,21745.546218169984,738429
2022-11-03 15:30:00+05:30,21638.182539329377,21751.588516219883,21491.09180735052,21549.453163712336,772532
2022-11-04 15:30:00+05:30,21676.405283650955,21881.92966187798,21514.828505874135,21532.09737493798,619150
2022-11-07 15:30:00+05:30,21351.73105228055,21765.826639257004,21194.312400515217,21748.000518467892,553498
2022-11-08 15:30:00+05:30,21673.61929598428,21878.832700828876,21587.850339086737,21746.667537103745,722752
2022-11-09 15:30:00+05:30,21730.682578539097,21949.8749041766,21596.27014619911,21899.30251488727,873244
2022-11-10 15:30:00+05:30,21870.130163805305,22044.189986438774,21754.498667275893,21917.99278222867,914684
2022-11-11 15:30:00+05:30,21852.810584739567,22028.575959171725,21803.895716943687,21895.172843446995,554908
2022-11-14 15:30:00+05:30,21807.071400307526,22288.09744436654,21672.56296184225,22169.998038343638,802718
2022-11-15 15:30:00+05:30,21997.51315736208,22226.735546236996,21875.050352190177,22126.870959138152,881172
2022-11-16 15:30:00+05:30,22026.337550200686,22335.505992606228,21989.293043284237,22196.957183514376,885410
2022-11-17 15:30:00+05:30,22126.56027462356,22540.44661745568,22009.57402468156,22451.3971877999,828482
2022-11-18 15:30:00+05:30,22551.462109715078,22726.219569161127,22271.408938697918,22273.818199099347,788861
2022-11-21 15:30:00+05:30,22224.961879343595,22636.84276681513,22031.530212582813,22592.36624767609,1135123
2022-11-22 15:30:00+05:30,22762.664416930827,22903.93965088853,22263.616580143833,22398.925176642144,1166510
2022-11-23 15:30:00+05:30,22610.503736326587,22768.525683289405,22261.8468675571,22297.322119394383,579849
2022-11-24 15:30:00+05:30,22356.832326005293,22555.49158102167,22304.753993276714,22340.836981984015,957230
2022-11-25 15:30:00+05:30,22267.553403269343,22453.60364525316,22014.94155178876,22051.648064998455,904463
2022-11-28 15:30:00+05:30,22147.43193448685,22207.06657915626,21730.26658475644,21930.08902273151,702470
2022-11-29 15:30:00+05:30,21832.21838728057,22479.774585343108,21781.415184997975,22265.392038232654,1174568
2022-11-30 15:30:00+05:30,22426.423411370226,22666.304684794366,22265.875727645453,22288.349957194667,1028945
2022-12-01 15:30:00+05:30,22364.5764744535,22577.902718852423,22261.437487246676,22295.62592758202,934800
2022-12-02 15:30:00+05:30,22431.01243046668,22563.737743018894,22247.955409437913,22491.336197983623,681720
2022-12-05 15:30:00+05:30,22702.892272853413,22905.412542366023,22515.357727358547,22556.60014358911,1146265
2022-12-06 15:30:00+05:30,22714.108647395402,22926.599706637855,21680.996104142763,21875.643289520587,826080
2022-12-07 15:30:00+05:30,21956.354124682723,22063.94667329602,21116.087337275258,21453.697252017813,789557
2022-12-08 15:30:00+05:30,21584.447479600898,22091.952541573664,20964.209694970035,21029.653820315445,1025551
2022-12-09 15:30:00+05:30,21175.905739219543,21424.73687336729,20376.469604836348,20718.2824696281,1107940
2022-12-12 15:30:00+05:30,20439.81116255565,20920.242052416073,20333.56053173955,20386.64291062608,1080077
2022-12-13 15:30:00+05:30,20662.907022175656,20863.325744475456,20113.148679893467,20455.612147250828,862434
2022-12-14 15:30:00+05:30,20513.81477015955,20880.440492408783,18501.203647208364,18576.229896116994,718348
2022-12-15 15:30:00+05:30,18608.970195419693,18944.686807758357,18464.721978878875,18643.901016947995,955250
2022-12-16 15:30:00+05:30,18604.616938482257,18675.25248333072,18114.52366533216,18481.38636039845,810662
2022-12-19 15:30:00+05:30,18093.63920390405,18940.768448062998,18069.87454712252,18481.930831858856,872662
2022-12-20 15:30:00+05:30,18335.778241848984,18385.0789603334,17812.089576154183,18246.8329861394,1098213
2022-12-21 15:30:00+05:30,18427.957429923703,18784.243341150068,18230.104715285874,18478.93677567432,844807
2022-12-22 15:30:00+05:30,18223.148737919575,18539.314218556283,18106.73069204212,18243.221556191012,1062268
2022-12-23 15:30:00+05:30,18357.387170286922,18557.242249600567,17678.45683143732,17907.413410181103,1009274
2022-12-26 15:30:00+05:30,17715.66929742917,17899.524743876715,17370.973843682154,17872.882497184753,899397
2022-12-27 15:30:00+05:30,17697.770316196442,18155.61732058567,17517.88243853684,17926.605291321564,692121
2022-12-28 15:30:00+05:30,18282.54728352467,18674.276464218077,17884.38654803138,17899.302035844685,685927
2022-12-29 15:30:00+05:30,17853.60278376212,18385.81425888985,17590.387905161755,18251.828937295642,780088
2022-12-30 15:30:00+05:30,17818.456853343927,18531.92337722526,17673.193706013873,18210.979428648847,995924
2023-01-02 15:30:00+05:30,18463.538731208795,18908.26577414805,18042.772927274094,18819.887531765096,969273
2023-01-03 15:30:00+05:30,19194.526445772677,19195.322650467737,18350.502548980337,18758.83971242376,834174
2023-01-04 15:30:00+05:30,19174.713416758746,19775.425242830628,19126.71845867471,19264.62886048539,779972
2023-01-05 15:30:00+05:30,19494.33675390251,19942.64426423848,19057.709693417662,19176.413643544496,1075933
2023-01-06 15:30:00+05:30,19086.88140550014,19985.214035140307,19044.77808820045,19635.76562675483,796836
2023-01-09 15:30:00+05:30,19997.79613695559,20439.52596495857,19547.26782284448,19643.101315892058,959921
2023-01-10 15:30:00+05:30,19880.995146908765,20387.132877216158,19527.20230841426,19542.41408057136,975711
2023-01-11 15:30:00+05:30,19415.092210414932,19816.360467319555,19100.509657108265,19636.830205825776,735355
2023-01-12 15:30:00+05:30,19831.43271491027,19938.286822903847,19714.287375335804,19853.811992806808,953469
2023-01-13 15:30:00+05:30,20019.01068350004,20098.940979692277,19699.511804381535,19828.654944327358,927816
2023-01-16 15:30:00+05:30,20000.29094991277,20143.69546118238,19776.744625703363,19833.747823154757,875336
2023-01-17 15:30:00+05:30,19731.13223750815,20230.196260501096,19660.12787765366,20090.51709021523,696848
2023-01-18 15:30:00+05:30,19991.005730114557,20318.159850710545,19887.039753890018,20181.078298434928,1166180
2023-01-19 15:30:00+05:30,20203.44633606223,20232.893561331646,19936.739563338804,20110.289223385153,924047
2023-01-20 15:30:00+05:30,20023.60805472767,20412.687377934624,19867.610534511423,20363.520894322646,648500
2023-01-23 15:30:00+05:30,20581.247113929083,20686.36486461235,20163.556873114743,20283.317011284234,1143291
2023-01-24 15:30:00+05:30,20456.1601321746,20559.743399061514,20191.533524531475,20317.078248300288,839856
2023-01-25 15:30:00+05:30,20145.662839814755,20705.8137250872,20051.342280432167,20603.345157201726,780075
2023-01-27 15:30:00+05:30,20722.443711350934,20889.180246221003,20700.676017448324,20700.692339605117,799071
2023-01-30 15:30:00+05:30,20576.66202866759,20678.305596567265,20454.0153451586,20572.375372334405,936909
2023-01-31 15:30:00+05:30,20608.62912972683,20809.11892473759,20388.122717029262,20784.143533058184,958449
2023-02-01 15:30:00+05:30,20849.546877773755,21130.497798550958,20654.90278564165,21124.283775298576,819708
2023-02-02 15:30:00+05:30,21075.451989035184,21145.071576524617,20712.90052296911,20864.199018017465,1012687
2023-02-03 15:30:00+05:30,20846.47302573296,21405.30202731533,20839.133418778776,21166.9453611493,1070947
2023-02-06 15:30:00+05:30,21051.932619702606,21401.006206014084,21031.633486866252,21171.602848513114,837198
2023-02-07 15:30:00+05:30,21018.468727240815,21356.21449179999,20994.385424744276,21132.049134011057,985471
2023-02-08 15:30:00+05:30,21115.969623907404,21236.47445945041,20947.827220182207,21155.96410948231,742483
2023-02-09 15:30:00+05:30,21071.44206015817,21150.34573455813,20923.51040232281,21067.566754544237,666616
2023-02-10 15:30:00+05:30,21087.851630254616,21137.76861833291,20945.04682715696,21076.695616431305,952028
2023-02-13 15:30:00+05:30,20993.476170595837,21369.747691772045,20993.14784268035,21178.943932281105,557532
2023-02-14 15:30:00+05:30,21216.887730945025,21316.714195523175,21083.394221015456,21278.544556403893,741633
2023-02-15 15:30:00+05:30,21356.138433589236,21359.365142390147,20960.29727592932,21146.78918609284,740129
2023-02-16 15:30:00+05:30,21261.0043345102,21451.366074954032,21030.97307586002,21050.62810963361,801073
2023-02-17 15:30:00+05:30,21193.2223486022,21343.97159845027,20841.61675300559,20867.06637660152,926188
2023-02-20 15:30:00+05:30,20594.80881774753,20997.646498277903,20370.632302083657,20989.9779238335,875073
2023-02-21 15:30:00+05:30,20857.74656017782,20965.952790157844,20731.661118270436,20916.752479831663,841326
2023-02-22 15:30:00+05:30,21156.71546897571,21304.540261695383,20732.404883024497,20821.873291566346,760082
2023-02-23 15:30:00+05:30,20994.571223304658,21039.56592616432,20655.355070778027,20784.637532162746,868647
2023-02-24 15:30:00+05:30,20744.446418450505,20771.630171092766,20498.410779718226,20652.706845712153,628171
2023-02-27 15:30:00+05:30,20818.306850106535,20980.009869091384,20547.25747652865,20584.21824795837,666314
2023-02-28 15:30:00+05:30,20625.856197100587,20717.76280121197,20385.58410514789,20514.451861008092,662127
2023-03-01 15:30:00+05:30,20435.570330143848,20578.542101793963,20301.752196404093,20512.792728738474,870426
2023-03-02 15:30:00+05:30,20430.106016434624,20458.195013848366,20184.710280052394,20342.713625305358,970570
2023-03-03 15:30:00+05:30,20279.632012785478,20468.298479840818,20256.616184700913,20264.454335865135,653491
2023-03-06 15:30:00+05:30,20378.063092797867,20423.287211832907,20214.60382435257,20388.130898600517,991685
2023-03-08 15:30:00+05:30,20383.12369073225,20577.085990519718,20241.009982052696,20243.787477820148,936508
2023-03-09 15:30:00+05:30,20258.530108887346,20297.115257838974,19829.642006732123,19992.92127855138,827562
2023-03-10 15:30:00+05:30,20007.162972913142,20228.969280088208,19974.483734436493,20098.696484138487,920211
2023-03-13 15:30:00+05:30,20109.992536311984,20177.263830269054,19381.219244096646,19550.64245285214,1008104
2023-03-14 15:30:00+05:30,19616.098993760676,19775.0638221293,19571.371101050565,19603.224537350372,978840
2023-03-15 15:30:00+05:30,19703.62559913688,19811.112340582426,19343.522334987643,19429.726799401175,681767
2023-03-16 15:30:00+05:30,19449.035404998034,19540.422082563393,19129.826526886092,19247.886117227572,1137615
2023-03-17 15:30:00+05:30,19234.106233195835,19396.932120864756,19012.05518326595,19017.72047268425,922906
2023-03-20 15:30:00+05:30,19001.98330589028,19141.24759335546,18891.334684672962,18941.38603450362,961848
2023-03-21 15:30:00+05:30,18882.780252455384,19240.53322003918,18680.359592138684,19210.662042311265,955925
2023-03-22 15:30:00+05:30,19280.832941297725,19385.784401211553,18984.69909199888,19072.2251709973,776954
2023-03-23 15:30:00+05:30,18994.551424847377,19140.888863437543,18866.06033417713,19064.093597344723,829182
2023-03-24 15:30:00+05:30,18958.867782271136,19262.533576598897,18918.917560167396,19141.319427352395,824903
2023-03-27 15:30:00+05:30,19189.011260245585,19299.842874779006,18949.86433487144,19021.35920222287,817906
2023-03-28 15:30:00+05:30,19082.30320583688,19102.858009383235,18874.916473778336,19089.612453024714,1185379
2023-03-29 15:30:00+05:30,19075.966751616314,19145.924275812195,18915.86710346297,19051.76549017931,993698
2023-03-31 15:30:00+05:30,18935.651343537014,19116.892343629814,18876.993319956015,19010.46730594809,606790
2023-04-03 15:30:00+05:30,19191.967335298054,19215.11984827435,18809.598424867832,18973.24407371259,784482
2023-04-05 15:30:00+05:30,18941.24133391219,19190.193042652274,18848.63646057785,19129.14046781873,606321
2023-04-06 15:30:00+05:30,19196.57922016311,19371.96588325915,18969.59020894353,18996.145459474257,805654
2023-04-10 15:30:00+05:30,19052.515796781277,19218.697059382645,18980.125007538627,19022.83542973009,894038
2023-04-11 15:30:00+05:30,18887.709041813818,18993.45007263452,18724.446357937573,18975.522506707006,758543
2023-04-12 15:30:00+05:30,18992.443705099668,19260.67535348851,18929.516476398567,19119.825378818696,778165
2023-04-13 15:30:00+05:30,19118.314769355773,19590.94774011856,19069.11656754273,19471.618444117925,550997
2023-04-17 15:30:00+05:30,19470.787720654793,19865.640874067776,19274.645806887343,19855.580346536237,1106560
2023-04-18 15:30:00+05:30,19915.549064633993,20367.016182202875,19882.004386473778,20176.926806107367,831777
2023-04-19 15:30:00+05:30,20251.549234974245,20560.74237567479,20057.289287749038,20521.863329330965,750535
2023-04-20 15:30:00+05:30,20618.53945875615,20625.685958812348,20312.88814048897,20465.467416246163,657846
2023-04-21 15:30:00+05:30,20524.056671338032,20597.610955688764,20354.065745144802,20485.49470760162,988251
2023-04-24 15:30:00+05:30,20553.18967813654,20887.550913688923,20487.80167929649,20727.814621797428,705965
2023-04-25 15:30:00+05:30,20696.275992026316,20723.767343598287,20448.952089905764,20623.852213905207,650723
2023-04-26 15:30:00+05:30,20725.91719509274,20809.79577103169,20603.9065228212,20764.35052399664,851305
2023-04-27 15:30:00+05:30,20703.55818636424,20751.152770169527,20525.05888760207,20645.221984204814,888259
2023-04-28 15:30:00+05:30,20601.42352666621,20805.11724335492,20580.27705010871,20617.476096450806,1019032
2023-05-02 15:30:00+05:30,20532.178034698503,20596.070884542045,20253.199356188587,20441.87844000092,977079
2023-05-03 15:30:00+05:30,20372.89443400646,20494.860976473556,20253.4333785623,20305.063837919635,911928
2023-05-04 15:30:00+05:30,20196.22859599034,20376.033267513823,20109.18063574866,20177.76960512148,963169
2023-05-05 15:30:00+05:30,20097.550479187485,20173.331402113403,19889.119306889144,20038.90429180795,776458
2023-05-08 15:30:00+05:30,20132.645763775683,20233.068117651404,20000.379342975368,20150.12098265367,949696
2023-05-09 15:30:00+05:30,20260.663884752186,20609.63133000978,20256.426745721084,20370.26728836455,780256
2023-05-10 15:30:00+05:30,20366.23931290968,20638.12155551379,20209.878855373972,20616.49609119648,784156
2023-05-11 15:30:00+05:30,20250.020639519495,20856.27891580837,20054.583144599572,20845.07815847058,1045243
2023-05-12 15:30:00+05:30,20878.32948461499,21267.80885024194,20749.772225312343,21177.26951274586,778455
2023-05-15 15:30:00+05:30,21211.680418362663,21295.321348817146,20994.72455431612,21254.395448469466,1022165
2023-05-16 15:30:00+05:30,21297.74347795614,21428.383478068994,21076.699566647538,21131.349573129955,958859
2023-05-17 15:30:00+05:30,21088.560765493676,21290.172901071695,20972.14147069122,21235.20833574702,527838
2023-05-18 15:30:00+05:30,21223.270174531826,21374.05481893226,21008.144162509336,21112.7820346988,990056
2023-05-19 15:30:00+05:30,21122.72080494977,21333.66361583037,21062.00228232195,21078.57534777453,909597
2023-05-22 15:30:00+05:30,21066.81000945566,21264.59285262958,20987.594980299426,21040.483034659715,958912
2023-05-23 15:30:00+05:30,20941.49709663906,21231.424502336977,20754.503885359667,21221.637236891092,979611
2023-05-24 15:30:00+05:30,21293.411380094152,21417.247319271344,21203.356793461124,21319.09323916393,822109
2023-05-25 15:30:00+05:30,21354.755345332236,21392.743509408752,21147.206381076707,21332.172964697984,834732
2023-05-26 15:30:00+05:30,21260.31417559149,21437.78683864446,21149.821355388456,21310.21055709597,940598
2023-05-29 15:30:00+05:30,21524.55154105938,21701.80067525766,21375.07511827345,21383.828095338966,989825
2023-05-30 15:30:00+05:30,21580.003906418246,21629.98779264525,21233.34196420285,21420.833957415307,749420
2023-05-31 15:30:00+05:30,21472.19236617986,21618.30130536859,21268.192538008425,21306.64984035838,649537
2023-06-01 15:30:00+05:30,21410.187008272278,21604.00396912566,20826.161270989713,20852.722272464427,1052607
2023-06-02 15:30:00+05:30,20786.16478880546,20958.65835489102,20695.73211079044,20749.326652039552,1132585
2023-06-05 15:30:00+05:30,20716.899043514157,21030.09024639717,20620.93745350875,20869.38938296091,802651
2023-06-06 15:30:00+05:30,20776.06805001024,20871.788590125776,20305.06905307508,20376.978973912264,520418
2023-06-07 15:30:00+05:30,20491.687058131098,20584.500260670426,20331.268899270635,20513.48518478652,828465
2023-06-08 15:30:00+05:30,20639.956822537428,20730.13791554509,20213.014738828693,20336.734267616233,732654
2023-06-09 15:30:00+05:30,20429.942504637165,20604.650240225415,20216.58195995118,20271.820980864035,1158678
2023-06-12 15:30:00+05:30,20024.197552986763,21182.13179263318,20007.882831298706,20998.77249511561,671458
2023-06-13 15:30:00+05:30,21058.620448101574,21068.93221159476,20870.91181227061,21053.858347175166,689678
2023-06-14 15:30:00+05:30,21145.67993305005,21279.035613797107,20983.998461638334,21048.163001167144,1026962
2023-06-15 15:30:00+05:30,21081.222975790228,21105.152675742742,20473.96662225919,20658.548662757934,872238
2023-06-16 15:30:00+05:30,20689.14899686455,20746.12185907587,20471.386848326754,20743.77123376416,629946
2023-06-19 15:30:00+05:30,20878.185538847905,20904.615914483427,20709.962060982816,20899.796247187598,671823
2023-06-20 15:30:00+05:30,20907.07042344694,20961.19656474624,20714.856935035292,20950.742249810035,1068430
2023-06-21 15:30:00+05:30,20830.73545849924,21005.011540902335,20579.498526787756,20649.3997367908,1153484
2023-06-22 15:30:00+05:30,20743.139940202775,21366.93850991088,20538.647754954498,21320.643093602826,682654
2023-06-23 15:30:00+05:30,21325.858435828246,21523.261314118663,21228.785856585233,21288.579593690232,1026799
2023-06-26 15:30:00+05:30,21095.11880656365,21457.139567297112,20987.571273886297,21348.424702305547,999407
2023-06-27 15:30:00+05:30,21520.945190449635,21592.550900964186,21352.87913215666,21533.4759550738,691359
2023-06-29 15:30:00+05:30,21526.22430301184,21546.228999037896,21300.19687950978,21465.43455731271,654609
2023-06-30 15:30:00+05:30,21586.06524307807,21639.67731693698,21404.645714862956,21551.05409504802,1024592
2023-07-03 15:30:00+05:30,21322.7430466248,22097.84360026303,21245.985829480578,21942.78861188255,798313
2023-07-04 15:30:00+05:30,22066.363219612853,22176.31824175175,21779.56991259352,21901.640420991604,1022262
2023-07-05 15:30:00+05:30,21730.030850132953,22036.504967639194,21606.33690373016,21946.403793944566,807118
2023-07-06 15:30:00+05:30,21999.054314761313,22250.669842429626,21961.35323669628,21979.889175179665,1116453
2023-07-07 15:30:00+05:30,21957.81661709567,22036.00101279771,21823.050626743843,21981.708797732885,610226
2023-07-10 15:30:00+05:30,21905.100600620095,22430.99685725315,21903.13813751122,22183.416848348545,1046414
2023-07-11 15:30:00+05:30,22074.049744721324,22224.518073724073,21898.873065509946,22156.421435919303,763464
2023-07-12 15:30:00+05:30,22369.440232741155,22535.86918233835,21968.811544171185,21992.329169511282,547451
2023-07-13 15:30:00+05:30,22090.537326389724,22115.959061988277,21475.435775228507,21720.94382295958,826025
2023-07-14 15:30:00+05:30,21784.88456755799,21833.795308966226,21595.5798976518,21797.11469761509,759102
2023-07-17 15:30:00+05:30,21896.426287418763,22018.7975992329,21767.8214659737,21882.190235029128,1018304
2023-07-18 15:30:00+05:30,21990.954888260105,22277.453513039734,21916.257875450487,22145.088714294387,891271
2023-07-19 15:30:00+05:30,22182.021126137537,22224.939072391786,21697.79554906889,21838.877968537712,838856
2023-07-20 15:30:00+05:30,21823.558571140027,21970.150557141136,21751.152644547998,21822.547984794175,1043707
2023-07-21 15:30:00+05:30,21878.173648094227,22262.925252403318,21715.97051990081,22235.085080456374,718963
2023-07-24 15:30:00+05:30,22185.892344552296,22394.27396334875,22025.99951908396,22319.17535930864,1046223
2023-07-25 15:30:00+05:30,22340.31465258111,22509.649005504536,22129.32944806751,22484.454812299056,1095993
2023-07-26 15:30:00+05:30,22525.471597450065,22686.348449331563,22335.314693144563,22608.626276402192,721086
2023-07-27 15:30:00+05:30,22657.87832255424,22698.489069483763,22441.370555531594,22684.00976209723,973131
2023-07-28 15:30:00+05:30,22896.018269350592,23019.499319873998,22443.325800771025,22578.074350551204,792856
2023-07-31 15:30:00+05:30,22704.978618956113,22924.56497472312,22481.67317243193,22488.859463918674,1028309
2023-08-01 15:30:00+05:30,22605.36637104265,22690.372600079907,22135.6638347003,22288.316752524002,1090880
2023-08-02 15:30:00+05:30,22214.40766856498,22368.86162941318,22105.892178274924,22143.249683415153,630605
2023-08-03 15:30:00+05:30,22226.87131349973,22250.3451538193,21820.753437242794,22006.01457379859,772216
2023-08-04 15:30:00+05:30,21969.56689973871,22055.294019525525,21849.213171364005,21990.988573695617,567299
2023-08-07 15:30:00+05:30,21940.174208077646,21961.502345723602,21464.860220398485,21672.897110526836,1019540
2023-08-08 15:30:00+05:30,21641.26653629746,21642.811825451834,21161.528771358717,21349.064428750662,886475
2023-08-09 15:30:00+05:30,21439.01144679618,21455.349908450637,21196.074117932305,21375.799027162462,891341
2023-08-10 15:30:00+05:30,21266.291754676065,21306.61663569051,20754.525510970332,20924.685431360616,863189
2023-08-11 15:30:00+05:30,20915.753732695666,20995.642921531926,20696.52329406291,20801.95967496764,583841
2023-08-14 15:30:00+05:30,20905.912286235573,20959.552658816996,20258.996819334596,20454.361523606844,866597
2023-08-16 15:30:00+05:30,20424.057479920422,20449.71524121389,20244.233606501803,20414.696096891523,671436
2023-08-17 15:30:00+05:30,20474.810887724634,20547.00030127124,20293.01656113721,20414.166068787337,788232
2023-08-18 15:30:00+05:30,20278.97579352023,20527.346218355404,20052.620557657476,20519.29413779437,769792
2023-08-21 15:30:00+05:30,20403.916242453157,20716.101991574327,20363.19814963327,20496.63235650743,866646
2023-08-22 15:30:00+05:30,20437.376906039684,20655.964836115905,20359.803140677617,20515.92860182605,979299
2023-08-23 15:30:00+05:30,20445.26134807286,20783.084095841667,20322.09562775211,20721.525759336866,766552
2023-08-24 15:30:00+05:30,20704.78390544682,20974.353472934446,20649.429502257724,20842.134882865095,702814
2023-08-25 15:30:00+05:30,20829.137917748383,20894.718179600466,20716.873334040738,20835.884339372118,528447
2023-08-28 15:30:00+05:30,20808.97650940896,21094.868707132773,20681.13635179138,20989.491347811552,817987
2023-08-29 15:30:00+05:30,20765.78088669965,21025.236659354443,20678.929493744155,20908.126335859062,694296
2023-08-30 15:30:00+05:30,20917.089461866206,21032.600631008492,20759.603060233003,20816.81773038812,831695
2023-08-31 15:30:00+05:30,20729.05395966275,20955.36071424169,20702.687491778783,20730.99160927835,862352
2023-09-01 15:30:00+05:30,20947.337968166456,21024.79203915266,20726.00343799874,20818.80781724048,855538
2023-09-04 15:30:00+05:30,20682.389697671537,20927.33076458997,20566.325790225343,20865.777366675466,525964
2023-09-05 15:30:00+05:30,20744.92248270406,20981.79881847035,20679.907153285894,20795.927415510618,1155278
2023-09-06 15:30:00+05:30,20682.658208943878,21059.640184468328,20529.676244546554,20958.41623872548,950006
2023-09-07 15:30:00+05:30,20930.15781111,21034.228297850135,20769.072115738698,20912.491812296936,727318
2023-09-08 15:30:00+05:30,20928.407133228036,21068.391943136194,20782.10506028875,21028.211134163976,608745
2023-09-11 15:30:00+05:30,21228.05598253461,21375.968072485288,21056.05098369705,21168.28552542542,1065394
2023-09-12 15:30:00+05:30,21415.168209470496,21595.309459252294,21187.267746759637,21193.716577130963,598130
2023-09-13 15:30:00+05:30,21228.25665851007,21307.073664757696,20910.78490657941,21060.43309412887,1096854
2023-09-14 15:30:00+05:30,21077.698852211834,21218.599929065134,21048.231447405306,21075.71597908945,651415
2023-09-15 15:30:00+05:30,20955.139815788803,21194.918104325145,20876.53251948043,21015.777719069563,804230
2023-09-18 15:30:00+05:30,20918.539236838664,20951.01119734437,20701.675035888027,20938.493374205937,792068
2023-09-20 15:30:00+05:30,20947.581614966624,21192.1679760273,20936.855917776706,20971.365550497558,826869
2023-09-21 15:30:00+05:30,20928.031569674924,21162.639862308977,20896.692016590576,20989.89877497294,983993
2023-09-22 15:30:00+05:30,20880.467863604026,21028.379253184954,20762.4410743838,20945.727308487738,640515
2023-09-25 15:30:00+05:30,20967.24243673595,21157.32816340724,20933.574744356712,21024.683047027138,827382
2023-09-26 15:30:00+05:30,21082.634399517046,21244.79977068372,21009.336223319908,21055.956017537934,948770
2023-09-27 15:30:00+05:30,21144.444597964502,21186.235282065918,20691.623580495456,20836.213392877602,866358
2023-09-28 15:30:00+05:30,20954.596775915816,21179.82402437492,20883.26046975362,21062.58727877687,863055
2023-09-29 15:30:00+05:30,20958.233138564796,21077.13401017645,20853.05573160015,21012.9024005856,686588
2023-10-03 15:30:00+05:30,21053.281481787693,21328.127229750055,20999.498299485862,21197.002646272595,841813
2023-10-04 15:30:00+05:30,21197.337866454032,21380.442973782792,21072.918329884717,21295.47534753676,712198
2023-10-05 15:30:00+05:30,21263.631044082707,21469.540926064532,21172.54684840148,21376.860468077368,614406
2023-10-06 15:30:00+05:30,21273.83968179023,21645.65687955517,21141.822187849877,21521.961033194424,818571
2023-10-09 15:30:00+05:30,21452.97419940404,21518.050930608126,21290.991574603988,21496.723405009758,816140
2023-10-10 15:30:00+05:30,21667.559391684154,21753.414233915686,21459.45836438519,21544.70628179094,613123
2023-10-11 15:30:00+05:30,21481.338545321047,21619.08462667405,21355.43500916516,21522.344795140194,1040556
2023-10-12 15:30:00+05:30,21669.514991615266,21850.740495910937,21462.68527997557,21467.304858305215,546002
2023-10-13 15:30:00+05:30,21456.657526324543,21683.12244910779,21375.809229981707,21580.560372432687,933784
2023-10-16 15:30:00+05:30,21519.26140714272,22111.752464130317,21481.338758890008,21907.43764129157,1158972
2023-10-17 15:30:00+05:30,21958.6913789736,22174.579717565997,21792.20464157717,21840.373463914904,1127058
2023-10-18 15:30:00+05:30,21689.36710548799,21796.77868905586,21526.90324394512,21700.108980825207,899098
2023-10-19 15:30:00+05:30,21673.891266036397,21717.66323317234,21429.31915637073,21614.930149126085,1094148
2023-10-20 15:30:00+05:30,21607.427173917997,21773.524782014465,21475.155711391286,21696.10746238208,883260
2023-10-23 15:30:00+05:30,21748.15556289791,21995.244681801825,21664.46732459266,21814.111821316685,884099
2023-10-25 15:30:00+05:30,21794.615006334046,21880.88585480505,21636.00348992259,21750.62930081487,830630
2023-10-26 15:30:00+05:30,21737.932617049337,22175.64513339057,21604.24090877228,22088.5956325968,1046519
2023-10-27 15:30:00+05:30,21933.645624567896,21961.85878722227,21736.518452896307,21946.16689664597,871950
2023-10-30 15:30:00+05:30,21948.45926379134,22201.411723946185,21881.666018407275,22073.497104535018,899370
2023-10-31 15:30:00+05:30,22028.703103453594,22281.11213454062,21849.874510130434,22260.557269144974,704994
2023-11-01 15:30:00+05:30,22262.90207120417,22419.529292561925,21236.76126874076,21316.005587978412,897737
2023-11-02 15:30:00+05:30,21187.48389763818,21293.48448140009,21065.994987916052,21128.65125595795,785463
2023-11-03 15:30:00+05:30,21084.69077965842,21137.196627272548,20936.49572195864,21103.644757757047,658046
2023-11-06 15:30:00+05:30,21045.820403590857,21399.690387105125,21043.17190512296,21159.91477272933,986671
2023-11-07 15:30:00+05:30,21160.411367191537,21276.36446101793,20961.612334261274,21021.48347180176,582032
2023-11-08 15:30:00+05:30,21029.377877219962,21145.24664432557,20732.416914300517,20859.114956011443,811786
2023-11-09 15:30:00+05:30,20840.910535240935,21335.15167491376,20835.435649889725,21142.710418997616,984024
2023-11-10 15:30:00+05:30,20994.145018249616,21009.79564416775,20825.81957426953,20984.91281059221,673492
2023-11-13 15:30:00+05:30,21019.448648761954,21283.221912008637,20939.681551363734,21193.098376981816,915112
2023-11-15 15:30:00+05:30,21252.774068727445,21451.663238414683,21174.57562153274,21208.5817660047,1120909
2023-11-16 15:30:00+05:30,21097.446579717172,21754.997361933845,21087.728532286954,21588.254505675082,636866
2023-11-17 15:30:00+05:30,21522.670039994704,21840.23434026834,21466.408677190557,21711.61948986306,712042
2023-11-20 15:30:00+05:30,21804.341750359567,21899.1409540881,21671.537838043823,21750.005660991603,652385
2023-11-21 15:30:00+05:30,21742.426595594086,21888.23094397655,21552.083273617456,21642.629780752544,852647
2023-11-22 15:30:00+05:30,21839.13882028239,22000.29970945674,21722.458713414373,21775.548968206476,791619
2023-11-23 15:30:00+05:30,21805.669806342492,22488.55633401393,21800.271962882416,22228.749387000837,1083519
2023-11-24 15:30:00+05:30,22205.95860892214,22433.75270457611,22123.51604761614,22152.716195261648,814333
2023-11-28 15:30:00+05:30,22242.53603293439,22441.591974300074,21971.947103916755,21983.39720733514,699723
2023-11-29 15:30:00+05:30,21954.42416344065,22249.63154597136,21879.662691099857,22092.26354982425,686733
2023-11-30 15:30:00+05:30,22061.41844156249,22143.720043599402,21934.042411294595,22057.680361279963,600254
2023-12-01 15:30:00+05:30,21880.585860386196,22384.039218779184,21665.26386818351,22341.9757943949,1050927
2023-12-04 15:30:00+05:30,22406.872922190203,22459.14016155856,22006.817191846687,22189.522934719273,1069898
2023-12-05 15:30:00+05:30,22179.422745915756,22265.208952921796,21935.445755159308,22100.56391671899,1062406
2023-12-06 15:30:00+05:30,22137.8541429759,22336.776700177794,22087.96496575891,22136.13610074901,1124893
2023-12-07 15:30:00+05:30,22225.192852655196,22303.18969250692,22049.968948559243,22173.99923849727,573818
2023-12-08 15:30:00+05:30,22420.06629092398,22784.067136235557,22308.691992015953,22682.972140837195,724140
2023-12-11 15:30:00+05:30,22846.614208757783,22877.21497702941,22468.331596995664,22643.083702078413,593426
2023-12-12 15:30:00+05:30,22642.7259493517,22726.84351518045,22486.86466662953,22652.563162306215,865375
2023-12-13 15:30:00+05:30,22611.52144349028,23011.50905422054,22453.42702419747,22980.437866732973,621923
2023-12-14 15:30:00+05:30,23012.980055226915,23282.032148212893,22891.33899306418,23147.311906032675,667734
2023-12-15 15:30:00+05:30,23033.845615537466,23371.213429603842,22862.950695117328,23318.187845969154,1018894
2023-12-18 15:30:00+05:30,23340.967799377948,23535.211434989735,22806.117835548666,22850.484617842798,821860
2023-12-19 15:30:00+05:30,22895.084263783116,23016.64543631587,22664.945582533117,22742.1288932242,564417
2023-12-20 15:30:00+05:30,22771.672148350102,22944.28261646193,22693.808357156522,22830.50731752611,828495
2023-12-21 15:30:00+05:30,22923.273034731657,23126.28250572586,22635.684405364456,22705.112101555143,879395
2023-12-22 15:30:00+05:30,22749.75081673592,23302.408330727165,22670.869681027347,23192.62941546604,926985
2023-12-26 15:30:00+05:30,23361.267110847653,23394.47143096979,22775.496512944006,23023.53317005837,1014610
2023-12-27 15:30:00+05:30,23253.496970670167,23415.06696419638,23101.49610358459,23182.371729108185,642041
2023-12-28 15:30:00+05:30,23191.002823476698,23273.322384764546,22951.142989271717,23246.224285717588,1044879
2023-12-29 15:30:00+05:30,23077.668699318725,23391.729033537318,22913.87278462861,23311.9088108254,948932
2024-01-01 15:30:00+05:30,23244.15169183001,23445.094832871935,23126.992446232187,23344.500849692566,658094
2024-01-02 15:30:00+05:30,23279.428550752047,23386.137064202783,23094.455249275845,23183.733972781123,665776
2024-01-03 15:30:00+05:30,23078.843143184637,23111.815288622267,22855.274621588793,23077.844221498395,685492
2024-01-04 15:30:00+05:30,23137.75703396808,23615.733210798582,23088.789086067143,23411.125098417655,675014
2024-01-05 15:30:00+05:30,23333.373498318197,23608.779896758577,23322.534482623592,23410.34396898933,665832
2024-01-08 15:30:00+05:30,23354.176083718557,23774.98424609562,23201.30997570415,23660.890622051582,1161150
2024-01-09 15:30:00+05:30,23702.978582508036,23997.293344406327,23636.756188103896,23863.463290508793,673484
2024-01-10 15:30:00+05:30,23891.39823776061,23977.339796910517,23703.220627652503,23959.26285622704,900668
2024-01-11 15:30:00+05:30,23963.022839143192,24073.269489154307,23484.107772650284,23651.873663991635,1037112
2024-01-12 15:30:00+05:30,23677.716459987576,23784.0766469225,23248.599986969963,23419.18385266067,1199038
2024-01-15 15:30:00+05:30,23337.862390953233,23516.683398215515,23224.1110857931,23311.97961204947,691376
2024-01-16 15:30:00+05:30,23405.844605703787,23518.41703652542,22960.38598809584,23096.03073826549,911817
2024-01-17 15:30:00+05:30,23006.318179833175,23077.178546937423,22727.093021098575,22909.742725137923,1108948
2024-01-18 15:30:00+05:30,22968.867820223022,23078.56145991927,22563.87571768081,22660.96228338387,1006584
2024-01-19 15:30:00+05:30,22496.61404212325,22782.423070187633,22406.593526742174,22650.095304808456,710257
2024-01-22 15:30:00+05:30,22645.96469690741,22810.727866214296,22592.40662002196,22624.606324138374,564154
2024-01-23 15:30:00+05:30,22738.373413032692,22781.945179464346,22344.10784879844,22561.43850571148,1113776
2024-01-24 15:30:00+05:30,22672.498140098975,22702.405603785275,22442.63209105923,22612.817530736793,986234
2024-01-25 15:30:00+05:30,22511.969542193056,22768.379403768566,22390.78797550204,22657.91053452226,830099
2024-01-29 15:30:00+05:30,22664.9886761018,22822.684306256273,22303.914614087465,22394.821431225708,937272
2024-01-30 15:30:00+05:30,22471.451780369563,22576.261457718138,22004.017700619377,22101.7323166781,860289
2024-01-31 15:30:00+05:30,22052.487590146917,22236.17065929983,21940.973678365946,21944.086480241425,791242
2024-02-01 15:30:00+05:30,21831.772954814514,22124.63330334236,21655.538686113112,22101.168259123533,806223
2024-02-02 15:30:00+05:30,21983.907537918305,22213.26169727451,21804.773874826846,22156.49742058514,928877
2024-02-05 15:30:00+05:30,22226.240623287325,22363.382108015398,21705.42892000239,21784.215247764438,996236
2024-02-06 15:30:00+05:30,21954.69719123323,22135.84309829279,21738.717656122277,21798.254529851718,1024698
2024-02-07 15:30:00+05:30,21969.30929841404,22078.538488932023,21746.97965022844,21865.63143893864,755326
2024-02-08 15:30:00+05:30,21904.633508779152,21906.9444561447,21599.866474652423,21803.92693355363,754641
2024-02-09 15:30:00+05:30,21827.47779737791,21994.235746958966,21458.00623413034,21458.939308959223,710136
2024-02-12 15:30:00+05:30,21349.690450413662,21662.770686462627,21309.827737272437,21523.996782518494,832463
2024-02-13 15:30:00+05:30,21414.56427603343,21717.510769862292,21302.238068496947,21596.327997616318,851942
2024-02-14 15:30:00+05:30,21663.26610232434,21828.3470011042,21388.311046234943,21413.757864888084,968422
2024-02-15 15:30:00+05:30,21420.52147310228,21606.95830906932,21329.99144914835,21518.107251103265,699175
2024-02-16 15:30:00+05:30,21458.02463426369,21652.73150936825,21329.32955994693,21595.90684230198,860923
2024-02-19 15:30:00+05:30,21432.00260946703,21710.507512466655,21389.99703963845,21577.992886456745,820568
2024-02-20 15:30:00+05:30,21796.963545834733,21858.777391934032,21113.849417350983,21309.151399487622,1050554
2024-02-21 15:30:00+05:30,21288.362332357498,21525.59929668193,21282.936491679844,21314.180317873343,734539
2024-02-22 15:30:00+05:30,21273.809244758457,21369.20770741517,21100.025152345235,21337.988351518,704168
2024-02-23 15:30:00+05:30,21402.794344302074,21539.116257604288,21144.34105263908,21200.536421273417,806213
2024-02-26 15:30:00+05:30,21203.306353012034,21306.58829117887,21018.75213734191,21301.772456346855,608712
2024-02-27 15:30:00+05:30,21205.470067856717,21798.5260649429,21069.013400519925,21739.4744793789,630502
2024-02-28 15:30:00+05:30,21826.325557611875,22108.95805534749,21757.961199012192,21910.868811566983,891965
2024-02-29 15:30:00+05:30,21555.634157728262,22576.13331725539,21532.133356383867,22331.027537698712,1119580
2024-03-01 15:30:00+05:30,22359.548014548756,22583.739579571476,22305.6735902804,22397.776183381626,1089385
2024-03-04 15:30:00+05:30,22470.436502992136,22589.12876917006,22273.25873901825,22398.926854891997,976313
2024-03-05 15:30:00+05:30,22572.063682814216,22670.124208871282,22364.029358504395,22476.453298057797,667941
2024-03-06 15:30:00+05:30,22484.17324664954,22742.992268411326,22375.74869592669,22592.04821501477,1190680
2024-03-07 15:30:00+05:30,22430.93853999474,22583.114736182346,22316.720275708674,22440.481370521193,860826
2024-03-11 15:30:00+05:30,22381.534908459456,23098.205773739293,22236.167793360975,22977.10827478505,905575
2024-03-12 15:30:00+05:30,23072.056125629373,23150.9117030761,22747.55659654907,22927.429096092008,1054874
2024-03-13 15:30:00+05:30,22970.001399981717,23030.045623504247,22725.615533240853,23016.05115249425,1021873
2024-03-14 15:30:00+05:30,23130.659078271965,23189.865477471034,22633.558661318737,22780.555562149802,809118
2024-03-15 15:30:00+05:30,22846.962675397088,23209.519278967917,22798.769744207046,23003.61904308288,917697
2024-03-18 15:30:00+05:30,23027.19884883073,23352.464621596147,22931.916757153147,23249.06811544721,610796
2024-03-19 15:30:00+05:30,23320.555376170447,23842.864867365133,23229.602315330587,23719.041601395067,866535
2024-03-20 15:30:00+05:30,23799.26563553523,23937.41262958204,23584.752582156652,23643.697561004352,927762
2024-03-21 15:30:00+05:30,23541.856394761668,24136.70249927803,23497.88640568982,23905.89276303472,847313
2024-03-22 15:30:00+05:30,24001.356326061425,24357.744269405728,23989.002625609643,24102.980512882295,812828
2024-03-26 15:30:00+05:30,24025.347805690166,24293.17626137786,23965.97653620703,23977.845794344506,800111
2024-03-27 15:30:00+05:30,24104.760659949497,24295.50563140724,23794.826027078125,23867.07685550349,665957
2024-03-28 15:30:00+05:30,23617.29267304178,24310.283411350414,23603.03111428944,24032.4365956528,719685
2024-04-01 15:30:00+05:30,23944.901384807432,23974.361273428975,23739.087427114824,23956.89956803132,1032444
2024-04-02 15:30:00+05:30,24036.95777306021,24053.330794364825,23609.748804522922,23782.993972571425,512504
2024-04-03 15:30:00+05:30,23840.55257894478,23900.435149042056,23611.626609161463,23778.094081970692,690837
2024-04-04 15:30:00+05:30,23709.278706986395,24305.108960693105,23703.010662291512,24101.969075984092,780270
2024-04-05 15:30:00+05:30,24316.516743658078,24439.81618021654,23772.308323860005,23923.873183179687,1047477
2024-04-08 15:30:00+05:30,24031.400518288305,24115.27923340428,23832.729794012877,24032.97807879985,1086350
2024-04-09 15:30:00+05:30,24221.304458959617,24410.203659495248,23889.835845765265,23924.752418463453,885567
2024-04-10 15:30:00+05:30,24051.20465508224,24112.18253075117,23739.264106388488,23889.093323447374,710868
2024-04-12 15:30:00+05:30,24012.53178119572,24212.519935259723,23780.62089188442,23820.618986033965,929352
2024-04-15 15:30:00+05:30,23887.38394304045,23962.235008555315,23608.376888986793,23802.44930919594,1155983
2024-04-16 15:30:00+05:30,23675.580064197446,24035.710672818397,23660.48106109376,23852.282217901484,661403
2024-04-18 15:30:00+05:30,23869.047996075766,24020.17137326718,23705.518043326312,23918.547676902792,1095952
2024-04-19 15:30:00+05:30,23951.389583231372,24401.29800854699,23901.715931554372,24184.8853960562,814379
2024-04-22 15:30:00+05:30,24352.309260967166,24378.641499833477,24011.893676993226,24182.834644483934,774678
2024-04-23 15:30:00+05:30,24377.524022224654,24479.143788068348,23981.781404481968,24153.076390882925,995656
2024-04-24 15:30:00+05:30,23998.334746962082,24182.90917085147,23865.713160601004,24090.775751995934,993698
2024-04-25 15:30:00+05:30,24193.398477842024,24509.422122929227,24126.04089001685,24313.76169695564,814524
2024-04-26 15:30:00+05:30,24395.693852810866,24534.0945982612,24271.01537830202,24338.701137997694,917234
2024-04-29 15:30:00+05:30,24414.76692966928,24545.57260886636,23990.06032296683,24080.64131193567,739122
2024-04-30 15:30:00+05:30,24124.99535859932,24624.214689911867,23997.456418684018,24524.838043658307,1007615
2024-05-02 15:30:00+05:30,24455.055553950442,24513.427987103078,24187.91515769445,24387.226895118998,891013
2024-05-03 15:30:00+05:30,24514.80868660912,24560.07170162632,24059.08415342664,24284.091626131798,742679
2024-05-06 15:30:00+05:30,24141.278606654974,24491.15575748995,24111.400254655833,24247.315904787618,919737
2024-05-07 15:30:00+05:30,24249.43027333522,24338.351801147463,24067.613521520172,24233.480034834298,1070753
2024-05-08 15:30:00+05:30,24296.6854450654,24495.307618022558,24206.889634528678,24387.995628823635,542194
2024-05-09 15:30:00+05:30,24161.605045812044,24722.61671983545,24066.566109721036,24603.301103185328,787821
2024-05-10 15:30:00+05:30,24935.987983786214,25026.88945992311,24489.158979978765,24662.374148935058,985645
2024-05-13 15:30:00+05:30,24409.970257122342,24808.560352661512,24399.7588452005,24610.887000736988,678872
2024-05-14 15:30:00+05:30,24664.944269922395,24935.321853051384,24500.75099698574,24894.967679718244,665312
2024-05-15 15:30:00+05:30,24934.039144505066,25026.033716004324,24597.544816732625,24745.51608931783,940090
2024-05-16 15:30:00+05:30,24929.58687118502,24951.96499632056,24697.652142534145,24928.109790467133,869524
2024-05-17 15:30:00+05:30,25099.189337797925,25289.08461748415,24925.555510738635,25008.628717881224,1105362
2024-05-21 15:30:00+05:30,24820.632386347526,25051.47351981561,24767.688690080126,24820.764809961034,984003
2024-05-22 15:30:00+05:30,24835.361080135375,25153.063226804057,24737.17802054759,25007.83269832448,841586
2024-05-23 15:30:00+05:30,25086.99903252449,25265.32786591281,24993.252314497935,25031.555717632684,650829
2024-05-24 15:30:00+05:30,25209.01467821785,25216.5748326339,24940.932096935543,25197.19498231169,915854
2024-05-27 15:30:00+05:30,25066.70781906358,25491.77098587865,25001.455797085444,25264.484736896302,729033
2024-05-28 15:30:00+05:30,25347.817004566983,25378.708207842054,24973.681006474646,25232.94287559653,1176661
2024-05-29 15:30:00+05:30,25348.699442414232,25446.8705716734,24913.04227813342,25111.46723722686,868892
2024-05-30 15:30:00+05:30,25121.874505463726,25813.44009686872,25097.111442287558,25533.5352560623,1131991
2024-05-31 15:30:00+05:30,25581.497368372413,25684.44505903882,24688.529354188006,24789.676370802026,549867
2024-06-03 15:30:00+05:30,24783.498231306326,24955.687044159473,24626.84927066846,24874.781627283042,623862
2024-06-04 15:30:00+05:30,24789.694665425388,24960.30235488642,24644.035785391476,24715.019961686794,957059
2024-06-05 15:30:00+05:30,24623.365587684722,24955.12401314765,24463.18003530504,24832.843147723303,958217
2024-06-06 15:30:00+05:30,24816.378587505213,24890.012759885198,24135.648111168633,24353.91588284827,744325
2024-06-07 15:30:00+05:30,24181.210992155233,24781.555801996656,24176.23351934434,24571.752785501678,615570
2024-06-10 15:30:00+05:30,24487.763797185675,24690.468242183604,24224.23456699272,24657.221719535293,813720
2024-06-11 15:30:00+05:30,24713.793201805027,24829.185709459598,24247.065676385257,24355.10057940497,709689
2024-06-12 15:30:00+05:30,24210.196762348398,24436.164236497745,23814.97820459965,23875.752314477566,869172
2024-06-13 15:30:00+05:30,23826.837928721183,23890.079492188543,23594.360095914362,23875.35940157287,841419
2024-06-14 15:30:00+05:30,24052.490766178107,24210.53999051756,23596.975825788886,23630.082101023843,760362
2024-06-18 15:30:00+05:30,23584.880068360137,23614.985809509955,23332.55440038591,23515.691329666177,965749
2024-06-19 15:30:00+05:30,23479.826999463545,23759.275580011443,23314.307402423634,23633.37459429349,1187087
2024-06-20 15:30:00+05:30,23602.475217744966,23723.693269486994,23361.476286761754,23482.28694182311,949329
2024-06-21 15:30:00+05:30,23457.919805545138,23800.154927913314,23452.122597028403,23608.686783724206,923316
2024-06-24 15:30:00+05:30,23670.65089918702,23923.619856616966,23576.33766288418,23772.385013965915,945935
2024-06-25 15:30:00+05:30,23663.390486064425,23910.58891606828,23539.99119074571,23762.19696982525,1140818
2024-06-26 15:30:00+05:30,23869.7074410315,24063.03962987506,23735.408612555773,24004.491020896436,537707
2024-06-27 15:30:00+05:30,24048.888184300376,24416.171601584476,23905.398828202306,24267.38369291568,953934
2024-06-28 15:30:00+05:30,24302.52560512997,24336.39122079745,23971.41760308549,24185.70552378925,896165
2024-07-01 15:30:00+05:30,24190.372184981796,24324.685145401814,23888.095810935512,23946.982207143614,680779
2024-07-02 15:30:00+05:30,24129.619034923588,24131.340532953618,23185.077401833605,23403.561566532077,825748
2024-07-03 15:30:00+05:30,23482.40749852301,23565.7383779222,23114.36152088379,23262.665119667363,964045
2024-07-04 15:30:00+05:30,23336.564760077228,23491.68100694744,23066.721258783255,23141.134860095186,802596
2024-07-05 15:30:00+05:30,23079.74197669547,23100.45696477007,22731.85974783839,22941.3834718783,627562
2024-07-08 15:30:00+05:30,23085.489249253285,23203.33815081094,22916.682209664417,22984.736576833136,816027
2024-07-09 15:30:00+05:30,23230.801668860775,23396.867364071153,22650.769145090766,22761.17211191476,786815
2024-07-10 15:30:00+05:30,22722.235762528944,22893.381017554442,22647.36875519581,22684.97463269066,845853
2024-07-11 15:30:00+05:30,22570.13182953511,22813.883504123973,22516.363521352185,22637.201702747923,795510
2024-07-12 15:30:00+05:30,22784.105664954997,22957.64855727579,22441.15857131348,22543.13822130183,848001
2024-07-15 15:30:00+05:30,22575.306076002493,22686.63556341352,22338.533687040355,22430.825623856177,595696
2024-07-16 15:30:00+05:30,22482.956080744345,22524.68046058592,22157.529580536102,22328.12067274494,602600
2024-07-18 15:30:00+05:30,22377.194010132338,22407.774528898404,22106.541388459813,22256.925459948736,579993
2024-07-19 15:30:00+05:30,22463.395378804616,22475.379945799516,21945.10206225733,22150.248758321664,927362
2024-07-22 15:30:00+05:30,22315.719245006087,22562.327734120063,22106.827151267087,22129.014005882782,732469
2024-07-23 15:30:00+05:30,22519.290121292852,22756.06419482933,21877.521149585005,21897.628955945365,1184208
2024-07-24 15:30:00+05:30,21920.908520383284,22250.095470111704,21841.52205961016,22096.728966753042,854348
2024-07-25 15:30:00+05:30,22250.406738443133,22314.397381741754,21963.282299351427,22126.012148875732,782237
2024-07-26 15:30:00+05:30,22138.73633410988,22192.52518255194,21918.889945591163,22188.63696020206,614370
2024-07-29 15:30:00+05:30,22184.625628716884,22364.3908901784,22161.598129924823,22180.554780178634,950741
2024-07-30 15:30:00+05:30,22257.61698482094,22356.99551820507,21923.914347998223,22056.713398328164,901010
2024-07-31 15:30:00+05:30,22032.579347125262,22214.73407917504,21572.46408141962,21631.611377673133,836838
2024-08-01 15:30:00+05:30,21654.273054450172,21691.563662497196,21329.11715310062,21476.213565238722,848272
2024-08-02 15:30:00+05:30,21671.618387982762,21894.149662214055,21611.089810924455,21697.239594384504,995841
2024-08-05 15:30:00+05:30,21570.248165738154,21889.114252691514,21528.87617727753,21731.006037165047,682416
2024-08-06 15:30:00+05:30,21815.792218508952,21885.872115528924,21626.024135484284,21752.171415737444,774745
2024-08-07 15:30:00+05:30,21698.59137111214,21915.027185012357,21612.135156355605,21767.021763501452,751226
2024-08-08 15:30:00+05:30,21918.10194894371,22006.924765099157,21814.247687788185,21933.56329550013,703954
2024-08-09 15:30:00+05:30,21811.922603592473,21924.312036924013,21622.259464234696,21735.238441410816,932338
2024-08-12 15:30:00+05:30,21473.26671836254,22076.884738544213,21361.540488114573,21980.655444633157,972022
2024-08-13 15:30:00+05:30,21834.645274330123,22134.749560981465,21605.457306656004,22109.893233939783,683943
2024-08-14 15:30:00+05:30,21951.269795378237,21988.496366744614,21688.356534006543,21863.714523193805,595570
2024-08-16 15:30:00+05:30,21799.361472390236,22011.68966710289,21763.885307820827,21818.031661755926,770972
2024-08-19 15:30:00+05:30,21675.448249552224,21777.018919064085,21577.867116484093,21684.92338161709,785057
2024-08-20 15:30:00+05:30,21727.88825968112,21912.30971547886,21547.849159019126,21867.99280428813,827551
2024-08-21 15:30:00+05:30,21733.707136768193,22033.70431534324,21587.437043867994,21985.184359487426,548650
2024-08-22 15:30:00+05:30,22022.615183509635,22124.369391140975,21863.427447597278,22003.07306052102,710731
2024-08-23 15:30:00+05:30,21912.025574590367,22421.73544309002,21762.688668206738,22298.45549175706,785485
2024-08-26 15:30:00+05:30,22447.08187416734,22447.977939657983,22182.301589200826,22441.948005121594,1055870
2024-08-27 15:30:00+05:30,22424.29324042483,22838.185801494794,22244.709426790294,22794.26492039371,1002690
2024-08-28 15:30:00+05:30,22720.646842743612,22915.740962794247,22654.865427561635,22696.457812909248,947495
2024-08-29 15:30:00+05:30,22724.63829665901,22824.103257018873,22401.78534094066,22541.59567938028,783754
2024-08-30 15:30:00+05:30,22343.214560421937,22945.716599603144,22301.71862692834,22779.925686813447,684769
2024-09-02 15:30:00+05:30,22831.033886968184,22949.164424689774,22391.40754028289,22461.21749010871,891942
2024-09-03 15:30:00+05:30,22370.769860878925,22507.121624634114,22178.615387236696,22417.12834263461,1289090
2024-09-04 15:30:00+05:30,22404.15555836609,22567.22907496148,22254.90456595598,22358.33330234301,962060
2024-09-05 15:30:00+05:30,22365.751066654433,22485.787198676313,22133.49212104099,22237.24271256469,907545
2024-09-06 15:30:00+05:30,22334.02931578558,22443.458939597305,21914.907486420565,22022.180543841485,938594
2024-09-09 15:30:00+05:30,21998.377594248297,22144.16765686972,21820.73689422035,22111.64733585037,639972
2024-09-10 15:30:00+05:30,22066.01006571566,22292.665692670293,22022.679052005235,22072.6360715045,1192506
2024-09-11 15:30:00+05:30,21973.18675727528,22548.318399239146,21936.89926564226,22379.879491505915,982352
2024-09-12 15:30:00+05:30,22476.72212539072,22543.020276549203,21868.96248011566,22075.21097840536,850833
2024-09-13 15:30:00+05:30,21981.95383821698,22124.704980462804,21773.330199952703,22064.92542321098,1258643
2024-09-16 15:30:00+05:30,21821.7903650159,22397.165085203276,21607.12404284788,22336.755903224974,898907
2024-09-17 15:30:00+05:30,22551.867255831447,22613.522237774276,21823.939281272666,22001.01866307936,630374
2024-09-18 15:30:00+05:30,21909.995161883326,21941.011160616006,21576.82728301612,21783.76490939816,1111676
2024-09-19 15:30:00+05:30,21729.249332990705,22014.249234098923,21647.79540715574,21904.23902888841,698274
2024-09-20 15:30:00+05:30,21968.07201525892,22041.471393608863,21785.917480249434,21924.610193193523,1024524
2024-09-23 15:30:00+05:30,21959.908043806634,22201.878263443778,21888.79247476443,21918.63592276004,925421
2024-09-24 15:30:00+05:30,21926.725800195407,21977.23906687165,21662.57488783836,21853.627983530583,792778
2024-09-25 15:30:00+05:30,21864.769914469834,22629.584716709465,21692.93580901703,22616.68745497093,818864
2024-09-26 15:30:00+05:30,22581.704063075013,22749.232631540788,22530.15377745535,22615.088796036467,856467
2024-09-27 15:30:00+05:30,22475.46669699894,22630.22019114878,22113.265543941277,22199.11677804541,658460
2024-09-30 15:30:00+05:30,22444.593436262156,22563.825780760417,22043.57756489371,22140.565564211287,907701
2024-10-01 15:30:00+05:30,22320.36025721369,22345.522104841497,21671.64639842783,21879.78398013239,1129614
2024-10-03 15:30:00+05:30,21863.952699849477,22048.621649321256,21756.030969710813,21948.62294393632,699382
2024-10-04 15:30:00+05:30,21920.656426305628,22098.544489505082,21679.34233474997,22096.274438141783,643553
2024-10-07 15:30:00+05:30,22101.440750074144,22151.984024842423,21784.762631797734,21988.840942013347,1034332
2024-10-08 15:30:00+05:30,21639.224858941107,22560.09675554942,21483.475036733136,22126.920097472408,714873
2024-10-09 15:30:00+05:30,22653.814812573615,23173.330470276895,22294.298752226176,22313.70101599434,863827
2024-10-10 15:30:00+05:30,21995.593276830004,23361.736333967398,21671.22795133821,23126.309042991925,1089108
2024-10-11 15:30:00+05:30,23448.951559377187,23535.499675362753,21909.748433986068,22347.04268077751,797918
2024-10-14 15:30:00+05:30,22329.179154348778,23284.72846646319,22319.74751333008,22722.492225924347,791379
2024-10-15 15:30:00+05:30,21974.083240610882,23268.480719310795,21630.13878529069,23043.271851904352,713812
2024-10-16 15:30:00+05:30,23026.503676328164,23229.777119148395,22468.537740262575,23192.914442081106,689439
2024-10-17 15:30:00+05:30,23452.321891683045,23569.070552908648,23088.01238633179,23495.13709851107,623071
2024-10-18 15:30:00+05:30,23242.952268814042,23355.508911167995,22037.315040633763,22494.5033892888,957724
2024-10-21 15:30:00+05:30,22532.6821186129,22962.763479412937,21935.429587448565,21970.029152961783,848221
2024-10-22 15:30:00+05:30,22127.99256166481,22269.13976088316,21318.363517161535,21774.762154604476,1229692
2024-10-23 15:30:00+05:30,21683.01081178946,21774.7900008467,20341.05222689843,20704.422891414328,669428
2024-10-24 15:30:00+05:30,20760.99851300085,21091.714097383567,20392.41340202651,20922.20895429346,679174
2024-10-25 15:30:00+05:30,20728.12313275015,20950.18337759025,20592.694759890524,20874.577606696872,1109423
2024-10-28 15:30:00+05:30,20925.95947615165,21030.569240479028,20759.805836214353,21006.462312731008,984970
2024-10-29 15:30:00+05:30,20744.820926849752,20883.600941968336,20390.594081626692,20496.664594348913,830646
2024-10-30 15:30:00+05:30,20638.80205450649,20769.14051860281,20345.12867066959,20381.96852787206,876092
2024-10-31 15:30:00+05:30,20212.778152034287,20471.741460375088,20096.507671301584,20413.096106762958,720478
2024-11-04 15:30:00+05:30,20487.707286469617,20666.126050656207,20306.165580811732,20337.349907437794,765215
2024-11-05 15:30:00+05:30,20107.33621787405,20186.114969020862,19763.03344581893,19891.790230967206,881119
2024-11-06 15:30:00+05:30,19792.829025720923,19872.43828727235,19564.54411418976,19703.607053667834,727129
2024-11-07 15:30:00+05:30,19824.23643681389,19904.74654565467,19605.042857631895,19722.820742141572,1055483
2024-11-08 15:30:00+05:30,19831.94873997263,19899.67505647811,19547.89893400421,19710.305536925393,831299
2024-11-11 15:30:00+05:30,19593.94106839739,20208.325302178215,19581.7780262661,20022.64028787466,862394
2024-11-12 15:30:00+05:30,20171.774933064455,20331.795802046647,19856.3282331478,19939.57558398684,1149800
2024-11-13 15:30:00+05:30,19848.744339552442,20235.60116489079,19752.868219182223,20133.992668604373,662468
2024-11-14 15:30:00+05:30,20172.13594861753,20399.206236360384,20026.25447443248,20326.68946491015,710961
2024-11-18 15:30:00+05:30,20340.4828637323,20389.958213292084,20121.298036361222,20280.72293314939,1119956
2024-11-19 15:30:00+05:30,20232.932308126452,20475.065886281143,20178.730676504063,20277.59795884806,745003
2024-11-20 15:30:00+05:30,20388.73487066971,20453.466716382314,20067.071373321265,20210.287434298938,1097871
2024-11-21 15:30:00+05:30,20218.549214516144,20606.04811944959,20178.195421545606,20401.303424378213,979845
2024-11-22 15:30:00+05:30,20567.413763054064,20708.12242270814,20418.87901400039,20449.262931782847,805137
2024-11-25 15:30:00+05:30,20472.82849703235,20549.37009605528,20262.49334598022,20544.877503113737,760472
2024-11-26 15:30:00+05:30,20671.404511828,20905.538997647513,20584.675957981377,20798.14531030947,774821
2024-11-27 15:30:00+05:30,21010.61435968472,21045.42154671838,20345.337662624985,20481.145688589302,824820
2024-11-28 15:30:00+05:30,20500.119357806143,20767.728007087175,20478.192224355724,20605.57974961385,546363
2024-11-29 15:30:00+05:30,20578.26366163993,20867.413896118163,20410.76550227872,20821.88795643573,849780
2024-12-02 15:30:00+05:30,20934.702071143547,21108.712949305038,20783.541769691634,20862.917731069763,1044054
2024-12-03 15:30:00+05:30,20957.944090437762,21177.71251388604,20643.063958617724,20670.873701979075,860463
2024-12-04 15:30:00+05:30,20685.73276955426,20838.940179396497,20468.840655869128,20825.36470597824,724847
2024-12-05 15:30:00+05:30,20910.60704283941,20945.180368598165,20447.184976396158,20582.724358116007,935505
2024-12-06 15:30:00+05:30,20531.32666691923,20880.275607910156,20507.056626654547,20652.327695816693,810106
2024-12-09 15:30:00+05:30,20517.867638268395,20720.7415159986,20345.209231232413,20694.66209845746,799415
2024-12-10 15:30:00+05:30,20820.351536824543,20891.56810090955,20504.20952241306,20661.63440905665,869427
2024-12-11 15:30:00+05:30,20737.678093625156,20780.014671180383,20360.94446105085,20541.450024728565,625862
2024-12-12 15:30:00+05:30,20507.075054171608,20674.682011939432,20345.81527498479,20670.94619390668,534299
2024-12-13 15:30:00+05:30,20500.338215105174,20531.609138553547,20281.51834094769,20524.183255782744,693580
2024-12-16 15:30:00+05:30,20676.396927347978,20791.249245092415,20499.98383731295,20615.328286451906,796487
2024-12-17 15:30:00+05:30,20611.999397041996,20641.3991143221,20358.59182133979,20569.007399894585,1216661
2024-12-18 15:30:00+05:30,20501.07048136916,23312.633079244326,19996.98153620639,23211.046933941136,791375
2024-12-19 15:30:00+05:30,23106.576690497706,23611.481573563116,22804.409304875822,23409.776215092512,740371
2024-12-20 15:30:00+05:30,23639.813039343862,23742.50413081347,23190.28995725596,23616.208810837736,859818
2024-12-23 15:30:00+05:30,24027.11183487048,24578.98130854204,23319.456074406142,23413.137581537943,789084
2024-12-24 15:30:00+05:30,23524.530441656934,24283.10501815593,23272.063302890667,24082.876019087926,642833
2024-12-26 15:30:00+05:30,24116.12825817622,24171.344989828423,23517.343212812935,24101.12278909114,983490
2024-12-27 15:30:00+05:30,24103.18885921278,24373.924283146516,23994.995485461033,24251.483947534623,1034142
2024-12-30 15:30:00+05:30,24291.006577870223,24642.115951808555,24130.973159701316,24594.158080376415,811760
2024-12-31 15:30:00+05:30,24663.189669616524,24848.455610560733,24459.080725283093,24494.112750955366,848825
2025-01-01 15:30:00+05:30,24304.17705751566,24578.1042535308,24263.124092774913,24263.325013584654,777202
2025-01-02 15:30:00+05:30,24436.177257936135,24481.034458413054,24104.201429117613,24356.91921232514,756745
2025-01-03 15:30:00+05:30,24250.36539380218,24522.588174123506,24168.14048336933,24335.965421071516,1040894
2025-01-06 15:30:00+05:30,24288.55612031277,24497.13423786667,24209.579861794813,24359.078607821735,993673
2025-01-07 15:30:00+05:30,24232.834696663962,24352.626178630602,24091.562626984327,24299.621560378026,695064
2025-01-08 15:30:00+05:30,24295.420126493547,24821.569912081766,24182.597304968178,24741.376609647406,871451
2025-01-09 15:30:00+05:30,24916.379509991133,25054.669644876303,24827.232094638268,24898.72492777972,942117
2025-01-10 15:30:00+05:30,24945.03025356989,25234.29586920174,24882.071771601808,25008.29894504214,1028609
2025-01-13 15:30:00+05:30,25059.985768262763,25227.540379508107,24898.892514557625,24970.72398210518,909910
2025-01-14 15:30:00+05:30,24813.088851588276,25187.98537756389,24791.132467862353,24916.49338970637,724982
2025-01-15 15:30:00+05:30,25043.594054420493,25156.8487385745,24749.67902609481,24888.06469136741,646900
2025-01-16 15:30:00+05:30,25041.08526114095,25473.080146466873,25000.719744956084,25266.441165320797,782507
2025-01-17 15:30:00+05:30,25311.043455621944,25541.751914618977,25214.515620818536,25369.63290605073,731704
2025-01-20 15:30:00+05:30,25235.6278718292,25247.503302003126,25031.50388349186,25220.344385380406,714183
2025-01-21 15:30:00+05:30,25259.056965364205,25409.7441261769,25011.15197382014,25379.17707469013,755157
2025-01-22 15:30:00+05:30,25489.564220710978,25755.89245916879,25442.109882153545,25592.673871373034,595463
2025-01-23 15:30:00+05:30,25647.418628103136,25984.141841380533,25542.10003113469,25826.51851190142,967621
2025-01-24 15:30:00+05:30,25937.823764178098,25975.792495577844,25550.860492971944,25779.884472060246,755894
2025-01-27 15:30:00+05:30,25834.252571910274,26118.799017324392,25810.209286340847,25923.561586406,582105
2025-01-28 15:30:00+05:30,26073.5363383794,26247.974676713722,25809.83129593753,25947.9130602328,995589
2025-01-29 15:30:00+05:30,25890.761634268496,26339.006365242,25745.19955328384,26183.909956517607,825666
2025-01-30 15:30:00+05:30,26253.271445468705,26474.883633585017,25966.602035492728,25975.709326877215,553774
2025-01-31 15:30:00+05:30,26074.24037493441,26183.222720721664,25849.653740861657,26136.55114066535,816109
2025-02-03 15:30:00+05:30,26204.30287469915,26283.2380767393,25667.66297848515,25892.99978344747,681351
2025-02-04 15:30:00+05:30,25758.302676731553,26022.423669049775,25513.346484262955,26020.25266784602,960951
2025-02-05 15:30:00+05:30,25726.477900219706,26006.05515060949,25457.37623493941,25965.16279664776,1204895
2025-02-06 15:30:00+05:30,26098.854767981815,26387.418610251203,26094.44892769573,26141.386273891694,846790
2025-02-07 15:30:00+05:30,26486.497120019176,26786.30928107237,26227.373644994455,26228.44408542035,962729
2025-02-10 15:30:00+05:30,26377.679626107532,26602.481160258638,26234.511608164892,26517.267334452088,613880
2025-02-11 15:30:00+05:30,26624.350617263164,26781.268625667042,26368.19726888242,26484.33505684634,859653
2025-02-12 15:30:00+05:30,26299.0340679894,26709.704224871148,26274.122470228675,26444.10044054714,1080804
2025-02-13 15:30:00+05:30,26586.826040404856,26615.087543045865,26245.38497157816,26468.2888056291,921474
2025-02-14 15:30:00+05:30,26602.869139304767,26849.63597602167,26460.54569268993,26479.332064854487,985007
2025-02-17 15:30:00+05:30,26471.15908319938,26667.93660937586,26237.213711448672,26584.611139223052,801385
2025-02-18 15:30:00+05:30,26917.712000971605,27048.43713084572,26424.42761894837,26552.301041746447,891128
2025-02-19 15:30:00+05:30,26388.009186076943,26552.22832372075,26267.50186409541,26408.881910843418,718970
2025-02-20 15:30:00+05:30,26529.744182160463,26589.09511685234,26056.139353051793,26222.236980318663,907948
2025-02-21 15:30:00+05:30,26186.141429146803,26190.16829663702,25731.370367981785,25965.921905325857,672493
2025-02-24 15:30:00+05:30,26092.042709430476,26316.400373434484,25908.303070533573,25976.672002045514,773613
2025-02-25 15:30:00+05:30,26202.815947043986,26533.995262630422,26052.44171888982,26411.099468359378,671098
2025-02-27 15:30:00+05:30,26419.430990788675,26625.89008100394,26256.04005062295,26305.336134881432,951611
2025-02-28 15:30:00+05:30,26103.03820362793,26296.29893426413,26002.519945865788,26023.668561554194,951769
2025-03-03 15:30:00+05:30,26235.274627798033,26284.96621292429,25860.682614219913,26069.186620786186,814188
2025-03-04 15:30:00+05:30,25924.095126884557,26358.694102015063,25765.124266324885,26243.02270947049,692131
2025-03-05 15:30:00+05:30,26465.430618049904,26692.14781742693,26436.632771417146,26437.376738244904,585298
2025-03-06 15:30:00+05:30,26341.96715215083,26850.133683784894,26276.812681839845,26649.005593594888,988024
2025-03-07 15:30:00+05:30,26500.149739164193,27232.20247181498,26492.071293267236,26945.64339900913,679274
2025-03-10 15:30:00+05:30,26934.03972943957,27291.75703170028,26762.90361529332,27193.421569673654,774491
2025-03-11 15:30:00+05:30,27318.505540592854,27449.133574390282,26869.42200438636,27030.801069795234,1074332
2025-03-12 15:30:00+05:30,27026.72527473069,27188.706133052518,26822.707561365813,27072.872054926745,1072158
2025-03-13 15:30:00+05:30,27069.74124570952,27305.348937346807,27031.19022905864,27081.925167571404,724578
2025-03-17 15:30:00+05:30,27334.369418203816,27495.278769440793,26983.011731020535,27116.68398537644,840989
2025-03-18 15:30:00+05:30,27190.825381319224,27430.806867953692,27119.52401354602,27191.50864909811,691859
2025-03-19 15:30:00+05:30,27326.739621101297,27389.39099263946,27067.259845134,27233.75976899555,790048
2025-03-20 15:30:00+05:30,27452.054495055094,27503.929777022742,27088.21877831996,27261.945158636092,702377
2025-03-21 15:30:00+05:30,27273.912030426764,27294.84184543185,26987.576816939123,27277.06931181,666550
2025-03-24 15:30:00+05:30,27159.2902156058,27511.25810715247,27134.77359528445,27311.35195964552,813483
2025-03-25 15:30:00+05:30,27307.082653345857,27533.012678214556,27124.418454460825,27408.542296660624,835934
2025-03-26 15:30:00+05:30,27642.763913397237,27974.854466761233,27195.011928517895,27195.087720432293,703567
2025-03-27 15:30:00+05:30,27360.647072725325,27673.005057956867,27155.62587520787,27552.581814638623,923626
2025-03-28 15:30:00+05:30,27656.053426663864,27719.47842333968,27056.267147364022,27261.75816979219,682396
2025-04-01 15:30:00+05:30,27473.465938649057,27595.431801267194,26864.82909561426,27030.868753192695,842244
2025-04-02 15:30:00+05:30,27305.481569663207,27495.033348488527,26749.162357871573,26821.903968185907,641024
2025-04-03 15:30:00+05:30,26808.2261788928,26997.833823609333,26598.448442556382,26732.317312268,919141
2025-04-04 15:30:00+05:30,26629.250095089927,27187.406626733504,26388.687615491486,27120.22086807929,930958
2025-04-07 15:30:00+05:30,27157.431290644665,27706.28182410097,27022.681831183934,27587.862654096338,887556
2025-04-08 15:30:00+05:30,27659.807835317075,27857.56470757415,27420.20577938226,27551.43689008014,1098440
2025-04-09 15:30:00+05:30,27398.57497853537,27450.360732122335,27103.985046812897,27426.11017095757,1214584
2025-04-11 15:30:00+05:30,27350.67043648396,27529.305695281244,27101.921045049214,27454.02354555353,1041904
2025-04-15 15:30:00+05:30,27407.010981764473,27500.004979366004,27163.307208493086,27457.310688801634,890850
2025-04-16 15:30:00+05:30,27303.12295024412,27425.38677053453,27025.211729934523,27154.4570635846,562790
2025-04-17 15:30:00+05:30,27044.2134919934,27156.428387790405,26724.168897293126,27147.066374654594,681453
2025-04-21 15:30:00+05:30,27181.62109081128,27340.67322172263,26736.873662918253,26895.339348405552,851142
2025-04-22 15:30:00+05:30,26819.0942785648,27096.299438909304,26721.377060588777,26766.21704977209,1207134
2025-04-23 15:30:00+05:30,26785.302052146697,26951.73755519092,26515.2880410111,26939.343973916813,875047
2025-04-24 15:30:00+05:30,26800.33411749234,27543.387125454512,26650.071431416836,27406.47394674697,830533
2025-04-25 15:30:00+05:30,27141.61698837035,27469.53187432046,27110.22548231848,27226.15144678369,635052
2025-04-28 15:30:00+05:30,27376.39272076206,27390.886877576988,26921.713007251426,27215.870487206612,698444
2025-04-29 15:30:00+05:30,26880.27333768797,27101.85639660635,26665.906383452722,26997.122641594935,1046843
2025-04-30 15:30:00+05:30,26841.526366783175,27412.10371577445,26794.855797624274,27142.40478794631,664439
2025-05-02 15:30:00+05:30,27124.38346485572,27379.85583379738,26811.920043219718,26819.33332886232,638166
2025-05-05 15:30:00+05:30,26850.697980928384,27063.65610356599,26751.24295193061,26878.52772650873,1139152
2025-05-06 15:30:00+05:30,26930.962843318826,26967.68335434165,26537.610167065402,26741.134489194752,686664
2025-05-07 15:30:00+05:30,26614.84011995187,27094.90658706633,26571.04417737104,26925.308907913128,881612
2025-05-08 15:30:00+05:30,26836.62080634261,27266.128675190528,26730.46473735487,27103.399368857856,926470
2025-05-09 15:30:00+05:30,27235.670154147843,27294.662267514614,26959.410911796305,27206.75077172094,888892
2025-05-12 15:30:00+05:30,27010.360004433343,27664.549767328605,26765.000750916985,27596.59446936645,1035477
2025-05-13 15:30:00+05:30,27602.88206823932,27622.002620429157,27298.444986746723,27605.944793493763,1041368
2025-05-14 15:30:00+05:30,27838.37615079711,28064.768549626144,27707.90750821824,27818.596671881958,700368
2025-05-15 15:30:00+05:30,27707.114392295192,28224.399248887803,27491.269683745533,28208.17239236541,853229
2025-05-16 15:30:00+05:30,28191.921572805986,28362.015791979436,27986.698777538495,28142.02016209091,1170201
2025-05-19 15:30:00+05:30,28136.717241271777,28329.761450265356,28019.281163026524,28130.723327371157,814375
2025-05-20 15:30:00+05:30,28178.335713255623,28249.581597763005,27844.401189171556,28018.79557385163,544080
2025-05-21 15:30:00+05:30,27870.862142872524,28118.201084957393,27685.27260194746,28065.173934812134,570939
2025-05-22 15:30:00+05:30,28006.72033578356,28581.803696948027,27964.88424222954,28339.833247528473,846203
2025-05-23 15:30:00+05:30,28300.506587727345,28418.652044687657,28084.847286174074,28254.752077428155,627201
2025-05-26 15:30:00+05:30,28436.47991187646,28784.669666424084,28333.55893788696,28337.561957464688,1035888
2025-05-27 15:30:00+05:30,28522.940825962836,28534.95244691936,28146.942045138683,28478.477163624393,996436
2025-05-28 15:30:00+05:30,28517.036779231992,28634.72429342546,28396.597862567418,28509.490483875474,544477
2025-05-29 15:30:00+05:30,28487.81704728655,28759.586018436014,28295.15147941248,28364.83597198912,1050027
2025-05-30 15:30:00+05:30,28474.69464402212,29065.087486000197,28439.20585921418,28802.83832203918,798817
2025-06-02 15:30:00+05:30,29235.938169617086,29500.239054341073,28586.163166039158,28679.54897795407,908067
2025-06-03 15:30:00+05:30,28665.643249723602,28994.793535620855,28634.07666558383,28786.99655747739,690002
2025-06-04 15:30:00+05:30,29022.737332709276,29169.481080503643,28480.39945847185,28627.458985092046,769621
2025-06-05 15:30:00+05:30,28721.099171126458,28841.92195696352,28428.521056010246,28584.853724618817,589932
2025-06-06 15:30:00+05:30,28553.52872045614,28634.852694374178,27661.07407501455,27923.186534002336,749638
2025-06-09 15:30:00+05:30,27842.722690468665,27996.334539086674,27576.114846395012,27955.742018392393,1081702
2025-06-10 15:30:00+05:30,27944.977034375148,28283.047055570874,27867.068020752606,28138.259683720666,668291
2025-06-11 15:30:00+05:30,28287.05576167221,28339.950390549395,27877.425123743666,28048.097593235383,703231
2025-06-12 15:30:00+05:30,27972.589034111636,28184.00969502972,27888.63662492392,27955.048596316465,679983
2025-06-13 15:30:00+05:30,27822.930416199946,28177.740245803587,27760.255525693887,27927.856359316385,971807
2025-06-16 15:30:00+05:30,27964.619713076874,28277.729493968094,27885.24939419684,28069.158971120956,852097
2025-06-17 15:30:00+05:30,27948.793576388267,28233.885155865002,27688.016500679518,28200.327857400993,1051102
2025-06-18 15:30:00+05:30,28071.71328540989,28246.61943282576,27899.815415216995,28100.36070300135,890341
2025-06-19 15:30:00+05:30,28202.71440725215,28654.2402261868,28161.10779357964,28436.411196602454,748754
2025-06-20 15:30:00+05:30,28559.94125251114,28755.464574508376,27930.47440316877,28065.510257155973,1061402
2025-06-23 15:30:00+05:30,28097.035995747483,28694.26753020501,28001.641311688625,28451.38237065502,1224545
2025-06-24 15:30:00+05:30,28406.255480646185,28558.650688862952,28176.693242815825,28300.58846174592,876645
2025-06-25 15:30:00+05:30,28203.544869367604,28823.317775194988,28115.341899386935,28573.8545651278,812883
2025-06-26 15:30:00+05:30,28419.441311390205,29059.366605923395,28289.637163245556,28950.154391595046,575504
2025-06-27 15:30:00+05:30,29104.794226678514,29146.003663309682,28771.386886644792,29007.906246253315,926761
2025-06-30 15:30:00+05:30,28796.04109425019,29400.77207389035,28785.179716089042,29125.419048323027,781711
2025-07-01 15:30:00+05:30,29064.14774271016,29071.541994036106,28438.521802342224,28667.002395390547,874400
2025-07-02 15:30:00+05:30,28695.25195719115,28763.152254778903,28201.66711735971,28415.8638974254,839336
2025-07-03 15:30:00+05:30,28522.861379992297,28852.92593742561,28376.62880754917,28716.651009567562,946087
2025-07-04 15:30:00+05:30,28703.27451356175,28813.324328887615,28311.44936668979,28446.97877632473,571143
2025-07-07 15:30:00+05:30,28455.884653627534,28733.3784786598,28066.760490746205,28079.616063843132,1061405
2025-07-08 15:30:00+05:30,28102.20132634432,28369.215038162733,27728.41551374112,27771.544419196605,1137876
2025-07-09 15:30:00+05:30,27525.066465727494,27750.38317585031,27357.68268604441,27674.888098235988,539553
2025-07-10 15:30:00+05:30,27681.385652906127,27967.957170550824,27376.001885409543,27420.591614750727,1103470
2025-07-11 15:30:00+05:30,27091.12770036635,27947.597427736313,26970.88453661872,27391.11067142571,1052585
2025-07-14 15:30:00+05:30,27497.396581058532,28119.552359347435,27255.799566601214,27359.279847583774,1107385
2025-07-15 15:30:00+05:30,27386.21571164598,27776.678877735332,27192.560940505256,27321.960995080466,704185
2025-07-16 15:30:00+05:30,27731.220970319402,28654.367701915573,27524.390528506407,28338.23330337658,649294
2025-07-17 15:30:00+05:30,28627.507607990225,29167.6331061477,28402.656662730555,28476.752546010648,873504
2025-07-18 15:30:00+05:30,28330.810890871016,28520.350921155492,27286.09280059738,27666.378038831008,880515
2025-07-21 15:30:00+05:30,28109.274453367387,28130.323804665604,26760.723774229,27510.300948740998,723606
2025-07-22 15:30:00+05:30,26929.418212021174,28109.617562043226,26813.601159608457,27690.68680443386,828568
2025-07-23 15:30:00+05:30,27881.17097408774,28329.83097088919,27300.372718585848,27554.61953712534,1000790
2025-07-24 15:30:00+05:30,27595.31375047779,28805.659714925987,27380.505793761502,28379.83300982971,990860
2025-07-25 15:30:00+05:30,28309.827175143582,28606.95197805493,27812.13454984535,28474.78085682942,1003506
2025-07-28 15:30:00+05:30,28239.615611321755,28554.33981566965,28175.81072108637,28305.06484152189,1084857
2025-07-29 15:30:00+05:30,28223.548396456295,28852.416969485308,28148.515623169806,28658.03302100428,576050
2025-07-30 15:30:00+05:30,28485.82958403711,29108.367750151978,28485.308414604817,28856.04837986588,989263
2025-07-31 15:30:00+05:30,28745.69277090511,29254.66651364416,28683.010746394415,29083.908536566414,837303
2025-08-01 15:30:00+05:30,28797.3554605824,29038.95242777473,28557.122651112113,29025.04431836145,886189
2025-08-04 15:30:00+05:30,29037.019761771546,29122.839096516913,28577.743121887965,28819.284802138453,959282
2025-08-05 15:30:00+05:30,28719.529115178324,29228.7467536544,28709.237225828507,28885.43037606471,1218068
2025-08-06 15:30:00+05:30,28565.187543467768,29168.92622341961,28245.186860827213,29159.295306639757,1013877
2025-08-07 15:30:00+05:30,28884.95197874332,29367.274016289386,28655.356607051795,29271.17357075029,861881
2025-08-08 15:30:00+05:30,29220.079950435607,29425.75813377708,28865.546371845052,28957.084504597988,884518
2025-08-11 15:30:00+05:30,29046.121494525603,29112.686733601215,27807.2705052412,28516.398312248686,1056507
2025-08-12 15:30:00+05:30,28884.84611537598,30047.312780562166,28829.224383490895,29517.384013371182,935542
2025-08-13 15:30:00+05:30,29783.936770926004,30285.913574894053,29382.764578156803,29634.672134254037,784394
2025-08-14 15:30:00+05:30,29796.333814256803,30420.284075689113,29350.321613883363,29397.825925720554,1078039
2025-08-18 15:30:00+05:30,29990.91441277528,30119.64853658313,28751.46548070027,29232.36732053144,777821
2025-08-19 15:30:00+05:30,29663.911378490688,30555.169082650038,29610.229219618974,30055.629813172553,854770
2025-08-20 15:30:00+05:30,30479.184181222277,30547.01693234522,29054.932690286045,29527.298434633216,895692
2025-08-21 15:30:00+05:30,30113.681835871987,30375.284549792934,29729.298475269654,30103.348307160108,658378
2025-08-22 15:30:00+05:30,30319.79061169624,30417.884669827403,29731.25034004098,29878.930281288285,947706
2025-08-25 15:30:00+05:30,29834.35543540051,30092.89345248337,29783.847468791984,29836.69100523693,839366
2025-08-26 15:30:00+05:30,29656.37828797712,29962.587960378853,29549.149321214783,29819.586145033998,841010
2025-08-28 15:30:00+05:30,30015.63281041802,30322.07247616579,29860.346622966106,29923.82306926281,1166562
2025-08-29 15:30:00+05:30,29919.906041404534,29970.111105194916,29452.259189633212,29748.376106398515,694060
2025-09-01 15:30:00+05:30,29765.587012684402,29916.87780911269,29320.788929084883,29407.49621495076,723872
2025-09-02 15:30:00+05:30,29282.972512282617,29966.934581681162,29205.940682993118,29782.281659838165,714502
2025-09-03 15:30:00+05:30,29923.49092440911,29987.439784257727,29682.981581733686,29931.519681778263,735005
2025-09-04 15:30:00+05:30,29981.931413427872,30135.88657772702,29867.44409401038,29981.317992987555,653333
2025-09-05 15:30:00+05:30,30041.5723454386,30160.71596626892,29595.97794169278,29756.65525060431,584890
2025-09-08 15:30:00+05:30,29777.557142975234,29977.274517702244,29115.35743430981,29234.757456043815,978754
2025-09-09 15:30:00+05:30,29147.07173976064,29381.608586375398,29033.4575560509,29174.591646807698,876372
2025-09-10 15:30:00+05:30,29251.374808351182,29268.530822442033,28895.641204987696,29119.670742328424,746037
2025-09-11 15:30:00+05:30,29227.88614187745,29348.768423887588,28685.970715337884,28896.814665774564,738753
2025-09-12 15:30:00+05:30,28867.660875107827,29523.135774523456,28738.541251355342,29377.897724314174,896046
2025-09-15 15:30:00+05:30,29311.765112330144,29695.57534390527,29257.19152246696,29467.287657630746,904155
2025-09-16 15:30:00+05:30,29413.32453429938,29868.191304913584,29290.907776259697,29677.36204125281,971461
2025-09-17 15:30:00+05:30,29429.659297670656,29678.212166325477,29279.176891187417,29458.49476709578,849969
2025-09-18 15:30:00+05:30,29693.62674202929,29827.800046237055,29442.5807961056,29802.340787817404,687008
2025-09-19 15:30:00+05:30,29780.470969943606,30002.291488638803,29382.36051917089,29513.963566150785,967684
2025-09-22 15:30:00+05:30,29663.886690132815,29895.7243515995,29204.712830430904,29315.724118842092,1226260
2025-09-23 15:30:00+05:30,29343.819722693945,29678.604289088362,28785.96038928108,28803.84932796678,899482
2025-09-24 15:30:00+05:30,28654.64474508822,28983.922338968947,28594.539924836103,28791.23189950014,692277
2025-09-25 15:30:00+05:30,28861.10818499382,29046.713954147795,28600.120522651217,28987.938729869864,710168
2025-09-26 15:30:00+05:30,28822.351135834906,29068.307637918653,28778.426980019518,28865.48960112587,536584
2025-09-29 15:30:00+05:30,28611.295646513987,28907.46898876351,28410.25954432502,28835.036384939907,884364
2025-09-30 15:30:00+05:30,28833.129356964597,29149.889070128418,28692.774242212658,28984.844920639716,938073
2025-10-01 15:30:00+05:30,29181.802858878375,29429.004646557278,28857.04670128284,28865.420279994083,987854
2025-10-03 15:30:00+05:30,28794.94678998071,29371.94962156233,28761.628781188265,29074.262629811252,740592
2025-10-06 15:30:00+05:30,29058.76746983129,29447.786158140178,29036.46776271807,29127.97072574929,1006355
2025-10-07 15:30:00+05:30,29329.223156307144,29432.34331139914,28938.011984002118,29164.4862454617,1010361
2025-10-08 15:30:00+05:30,29195.5716385973,29472.683712467206,28989.386158293342,29368.10413602744,840209
2025-10-09 15:30:00+05:30,29246.01612967971,29272.351912376667,28562.1088207206,28768.47187314539,541658
2025-10-10 15:30:00+05:30,28709.150357525188,28996.40794641105,28608.639081816473,28678.336672878693,1233845
2025-10-13 15:30:00+05:30,28627.09476184789,28941.692214240556,28386.468124516487,28840.685668691614,1014709
2025-10-14 15:30:00+05:30,28848.313982290856,29015.686824009827,28180.880679658618,28273.688224012214,779941
2025-10-15 15:30:00+05:30,28189.244350781184,28862.1701927126,28073.0396685553,28709.85697294001,943329
2025-10-16 15:30:00+05:30,28549.400382522388,29240.270465991074,28478.089377753193,28979.190229951513,978298
2025-10-17 15:30:00+05:30,29218.231780450238,29547.57539347952,29187.217623896988,29277.79857947079,884868
2025-10-20 15:30:00+05:30,29157.18906658995,29585.93184846364,28974.481268651634,29405.04531108237,938596
2025-10-23 15:30:00+05:30,29416.80652075441,29552.904970066957,28941.043811118667,29166.60627312267,1018378
2025-10-24 15:30:00+05:30,28996.963557612093,29416.087486450535,28964.919806411217,29183.34517583383,976892
2025-10-27 15:30:00+05:30,29169.186898301294,29645.577257737892,29092.591480691553,29395.753697426575,995077
2025-10-28 15:30:00+05:30,29283.703824147706,29363.48765935052,29084.503853404738,29330.198611090593,860078
2025-10-29 15:30:00+05:30,29479.941234596907,29587.25338286757,28900.799532142002,29030.661519681882,558365
2025-10-30 15:30:00+05:30,28943.581355735176,29626.358282013058,28669.910441599277,29576.095340713044,661018
2025-10-31 15:30:00+05:30,29775.544515690526,29910.007600315897,29457.448252323284,29565.500370878042,526515
2025-11-03 15:30:00+05:30,29547.712670586483,29597.93902499267,29274.595688217007,29570.017973943628,888743
2025-11-04 15:30:00+05:30,29605.66644761602,29699.64115993722,29331.678322201074,29575.296095460722,947586
2025-11-06 15:30:00+05:30,29354.149585791987,29931.72663804663,29329.13844274426,29601.084080998855,906691
2025-11-07 15:30:00+05:30,29820.252604094636,29840.381981331902,29230.930111470458,29499.652347082283,682667
2025-11-10 15:30:00+05:30,29681.086365272175,29839.192596836452,29490.698061391962,29644.624417686588,1052973
2025-11-11 15:30:00+05:30,29637.95699022145,29811.774633764482,29364.44918585582,29774.780295986897,856448
2025-11-12 15:30:00+05:30,29713.04608079092,29794.676116353752,29395.06326229859,29754.963088640925,731961
2025-11-13 15:30:00+05:30,29607.75201328785,30034.913348578295,29526.351911734633,29825.208378002593,1049727
2025-11-14 15:30:00+05:30,29971.17107190255,30053.344474151243,29318.490929894957,29559.364591873033,1150376
2025-11-17 15:30:00+05:30,29501.62916128253,30239.928962282804,29499.946157435166,29948.34150525831,653509
2025-11-18 15:30:00+05:30,29722.91171048288,30469.26921902756,29691.17273037455,30214.361564961375,659866
2025-11-19 15:30:00+05:30,30179.543345331374,30317.40717171613,29932.57473220231,30082.033752310555,886929
2025-11-20 15:30:00+05:30,29892.01576480466,30305.367083363315,29839.958353204962,30048.802632755738,776711
2025-11-21 15:30:00+05:30,30014.292267844346,30275.02957556511,29738.693205342464,29790.131083738434,1003405
2025-11-24 15:30:00+05:30,29815.51392902548,30053.293478937816,29613.36233512179,29717.71499427655,864155
2025-11-25 15:30:00+05:30,29806.92178727231,29851.117336402407,29520.90937614916,29834.437685737805,747414
2025-11-26 15:30:00+05:30,29611.586654425653,30004.438968567738,29538.04471588729,29749.3411611445,937951
2025-11-27 15:30:00+05:30,29792.437603516828,30116.937983899472,29787.03039946752,29852.318369533885,942075
2025-11-28 15:30:00+05:30,29846.926457883572,29964.289844604235,29301.664993664937,29479.566015083463,1042163
2025-12-01 15:30:00+05:30,29545.89096708942,29765.530390322638,29388.24479019541,29585.825509564722,972526
2025-12-02 15:30:00+05:30,29705.608015276142,29891.21231390118,29444.29316532861,29815.272047031955,1134225
2025-12-03 15:30:00+05:30,29735.554054001394,29890.272422084436,29561.691600107682,29687.352426621852,722645
2025-12-04 15:30:00+05:30,29733.91805579645,30792.31767872308,29731.420314679184,30518.826248875237,783753
2025-12-05 15:30:00+05:30,30249.779741234754,30429.017716752543,30069.00456837156,30163.548658712407,563636
2025-12-08 15:30:00+05:30,29904.903114159846,30397.42844245217,29606.071015624402,30363.686698879737,905510
2025-12-09 15:30:00+05:30,30493.390005090052,30556.69467451434,29901.289522741627,30173.206215947175,1124854
2025-12-10 15:30:00+05:30,30192.341195887966,30364.294120222752,29929.616869795256,30285.06269450886,1000099
2025-12-11 15:30:00+05:30,30375.28033182971,30623.923746724886,30213.064052922466,30215.92611862032,873712
2025-12-12 15:30:00+05:30,30389.29262591613,30583.192756482567,29929.597434815143,30035.526802664288,647594
2025-12-15 15:30:00+05:30,29826.414615106783,30669.723239206818,29735.471288183788,30490.296946267223,949118
2025-12-16 15:30:00+05:30,30305.688556803652,30570.855186510853,30027.927784284213,30092.983920380848,1147061
2025-12-17 15:30:00+05:30,29987.061082382595,30058.664993115286,29589.277469062,29797.790538407036,801165
2025-12-18 15:30:00+05:30,29827.74485941715,30155.917077742124,29073.93265957523,29097.52013757865,772044
2025-12-19 15:30:00+05:30,29161.969551892435,29177.547984633933,28855.057575121045,29120.910225181033,919242
2025-12-22 15:30:00+05:30,29149.95068370284,29305.77281888928,28957.3764592692,29224.047641844038,796585
2025-12-23 15:30:00+05:30,29126.726594572556,29840.039916401955,29093.94138126588,29622.676698314583,780976
2025-12-24 15:30:00+05:30,29866.98224329284,29985.720932241806,29459.459564976074,29577.733952222243,577788
2025-12-26 15:30:00+05:30,29531.610588513002,29944.21354141913,29485.518702654455,29714.122848485604,571869
2025-12-29 15:30:00+05:30,29792.293669699873,29855.700702506798,29470.76534143765,29770.746451737887,1005048
2025-12-30 15:30:00+05:30,29626.565770698417,30213.782974243844,29431.078264155272,30098.01524204853,905134
2025-12-31 15:30:00+05:30,30113.46833358494,30121.549628861416,29505.098733117455,29730.488039031097,901122
2026-01-01 15:30:00+05:30,29591.57108678975,30042.847904134494,29434.68272493317,29899.654257502094,781317
2026-01-02 15:30:00+05:30,30067.724015733962,30144.253435789098,29660.849997789574,29875.506334022266,758713
2026-01-05 15:30:00+05:30,29723.20704287349,29803.248222256647,29369.38723583903,29521.57531014855,828600
2026-01-06 15:30:00+05:30,29294.225155638756,29675.04475904397,29008.324667181172,29596.83102474659,1178210
2026-01-07 15:30:00+05:30,29536.269458763447,29706.506401494928,29321.79037946419,29653.189547472874,734975
2026-01-08 15:30:00+05:30,29557.70700460415,30313.220815344714,29384.807973375315,30144.21798927866,933062
2026-01-09 15:30:00+05:30,30020.330755824707,30628.07614748477,29910.69691238799,30449.207734621807,986148
2026-01-12 15:30:00+05:30,30417.891108643093,30536.32971713712,30153.176803960687,30496.74210173774,673236
2026-01-13 15:30:00+05:30,30406.501602577115,30977.69784667623,30237.597142485305,30882.48804036185,581436
2026-01-14 15:30:00+05:30,30800.685919254032,31023.627955439173,30509.315730139704,30577.223986819045,808720
2026-01-15 15:30:00+05:30,30681.89823727111,30779.889284355577,30424.61391730878,30715.243748231624,1002720
2026-01-16 15:30:00+05:30,30515.07770993511,30708.93128074697,30259.944582494016,30652.098048217933,737821
2026-01-19 15:30:00+05:30,30153.74235880279,30729.2493019298,29432.97435401408,30678.935764088732,952154
2026-01-20 15:30:00+05:30,30508.27783919463,31742.162646210687,29783.76108316656,31621.002398216242,1214031
2026-01-21 15:30:00+05:30,31233.310133938965,31552.64259618364,29348.547616640033,29778.120095725375,1012597
2026-01-22 15:30:00+05:30,29445.66742775219,29895.502846891082,29022.539691526108,29247.065206317107,617044
2026-01-23 15:30:00+05:30,29746.422123076754,30071.279038400527,29210.313296099128,30008.745796724466,688090
2026-01-27 15:30:00+05:30,30012.82588548703,31284.096694022926,29914.471040732526,30658.27234583461,990979
2026-01-28 15:30:00+05:30,30467.13527653206,30925.41480243271,30130.026232342,30275.32036644845,537692
2026-01-29 15:30:00+05:30,30015.086036807556,30909.107215056003,29529.329311283826,30566.488966706456,697208
2026-01-30 15:30:00+05:30,30613.210451143354,31223.881954655186,30219.363902166042,30299.606511647038,1043262
2026-02-02 15:30:00+05:30,30876.406356177125,31043.09089034884,29555.0130511844,29969.75588024388,766514
2026-02-03 15:30:00+05:30,29826.926813156395,30645.10076751911,29415.667180261695,30291.733270411634,672725
2026-02-04 15:30:00+05:30,30849.04058849841,31064.15268260149,29045.85798588567,29656.673804697228,972666
2026-02-05 15:30:00+05:30,29917.804555864615,30151.804333185202,29343.019582300753,29777.98194345247,686538
2026-02-06 15:30:00+05:30,29980.710057562406,30474.419964138957,29392.654924775583,29537.343028540905,881853
2026-02-09 15:30:00+05:30,29283.889715924255,29449.64168833914,28201.29091876901,28554.51919443611,821972
2026-02-10 15:30:00+05:30,28745.72822318733,28806.125779619997,28005.802918869904,28506.095570778238,589927
2026-02-11 15:30:00+05:30,28391.201740453504,29472.482577563835,28028.194704391928,29209.313577614663,716629
2026-02-12 15:30:00+05:30,28847.387065297025,29779.94569739043,28614.30705784304,29254.70477058862,916972
2026-02-13 15:30:00+05:30,29119.96396903263,30477.16001775633,28797.268502565832,30164.563527898375,834071
2026-02-16 15:30:00+05:30,30497.616779372547,31004.17139797545,30000.336024457938,30742.356337226607,908521
2026-02-17 15:30:00+05:30,29904.92265164549,31538.17247876831,29429.777381774595,31416.048846676273,699328
2026-02-18 15:30:00+05:30,30863.004442819692,31113.56006640393,30530.775489459196,30849.325602538578,930607
2026-02-19 15:30:00+05:30,31532.108329284285,32078.91740258778,31049.53511180058,31876.943225083727,963453
2026-02-20 15:30:00+05:30,31979.430721726727,32177.9919797349,31570.140464960015,31730.064390868094,966569
2026-02-23 15:30:00+05:30,31752.01440075324,31916.881933212255,31472.916395575023,31890.17838291338,799286
2026-02-24 15:30:00+05:30,31837.811915620856,32024.50185818436,31559.388478675777,31963.862757155264,743808
2026-02-25 15:30:00+05:30,31969.17354764439,32216.56091224015,31895.76767436895,32031.472043596557,559280
2026-02-26 15:30:00+05:30,31790.059285738374,32491.197633523818,31546.231229858342,32356.71777269459,1110650
2026-02-27 15:30:00+05:30,32355.674277707352,32467.328492968827,32202.59017127495,32354.599832997155,572992
2026-03-02 15:30:00+05:30,32366.640608540867,32926.590255843126,32093.104572214485,32819.05575968885,994943
2026-03-03 15:30:00+05:30,32954.20953822286,33724.631517415,32923.26745962833,33368.89482031599,1160882
2026-03-05 15:30:00+05:30,33282.35880065837,33423.12578988213,33027.07477139606,33285.913315036,792498
2026-03-06 15:30:00+05:30,33068.19899181885,33577.00817818945,32957.74817014133,33342.67843677472,1099846
2026-03-09 15:30:00+05:30,33312.77019293016,33616.10117214332,33171.64648391034,33392.43615061158,1127066
2026-03-10 15:30:00+05:30,33300.775346680675,33473.69590704046,32651.72974029444,32862.4976034957,1066217
2026-03-11 15:30:00+05:30,32961.46532188821,33135.24728198154,31618.088180971834,31699.0065270707,586184
2026-03-12 15:30:00+05:30,31760.976880260805,32153.630156840274,31760.376142953482,31842.522350723433,731849
2026-03-13 15:30:00+05:30,32336.3395242895,32559.195645603788,31427.114343738867,31781.771779138227,623908
2026-03-16 15:30:00+05:30,31196.09464070595,32344.875944948515,30619.82847503834,32235.428417237552,970513
2026-03-17 15:30:00+05:30,32222.319128295745,33158.95955863952,31897.386655463626,32723.904481315905,936179
2026-03-18 15:30:00+05:30,32340.40692583744,33575.836107607276,31973.59609037502,32998.05288461187,1153748
2026-03-19 15:30:00+05:30,33088.19352651911,33941.57404474201,32985.85393243818,33060.5834080747,1214958
2026-03-23 15:30:00+05:30,32208.686395339104,33789.21012587583,32152.521717437205,33145.02547511142,602655
2026-03-24 15:30:00+05:30,33341.075632973014,33866.10836572856,33189.19261061782,33281.69010036764,742884
2026-03-25 15:30:00+05:30,33279.603322277006,34174.881361737425,32825.77938111522,33680.25323192195,1241000
2026-03-27 15:30:00+05:30,33676.33389689772,33752.537454093836,32221.559889909,32907.279565840494,689590
2026-03-30 15:30:00+05:30,32869.75001233301,33184.61941409421,32099.792943821183,32608.191411411317,962562
2026-04-01 15:30:00+05:30,32732.537423817976,33177.3123776102,31812.833575355202,31946.719434300925,672633
2026-04-02 15:30:00+05:30,32050.20792830314,32280.17080709199,30295.47841045054,30717.209294721575,1011878
2026-04-06 15:30:00+05:30,30414.742269843486,31007.216222026276,30250.981934952157,30297.55733155047,1005119
2026-04-07 15:30:00+05:30,30064.318646779142,30146.0286178563,29302.91393672422,29824.128225769866,552761
2026-04-08 15:30:00+05:30,30132.574742670917,30368.045867002027,29172.14053492196,29699.922447258003,1174577
2026-04-09 15:30:00+05:30,29496.750001155186,29842.675970076816,28893.73794924362,29821.043399520335,834343
2026-04-10 15:30:00+05:30,29060.585993133012,29808.93870353028,28851.10205619531,29464.1586648722,727314
2026-04-13 15:30:00+05:30,28873.142125455324,29511.097282698196,28389.649683969867,29341.254048574156,1030183
2026-04-15 15:30:00+05:30,29098.190438757058,29466.57294153984,28550.1630702236,28783.0586219828,565574
2026-04-16 15:30:00+05:30,28943.74191788853,29151.958004514723,28500.649896002942,28543.3988102011,790468
2026-04-17 15:30:00+05:30,28300.061441292055,28602.340414716466,28116.540787396538,28549.570816923082,725181
2026-04-20 15:30:00+05:30,28478.055358407342,28837.205254999477,28268.42898166919,28746.793002119965,920367
2026-04-21 15:30:00+05:30,28764.950694053394,29049.950051141223,28599.156777661166,28614.307964589047,778551
2026-04-22 15:30:00+05:30,28764.537869273212,28993.446059635135,28720.494094655092,28804.104261563596,597651
2026-04-23 15:30:00+05:30,28903.551440081752,29115.103323462135,28675.28086774106,29082.62096662867,783414
2026-04-24 15:30:00+05:30,29408.965567902247,29567.7225635377,28863.26945928224,28970.083218149695,721198
2026-04-27 15:30:00+05:30,28836.283221250065,29103.99276067404,28485.676158263283,28541.389896862136,1175229
2026-04-28 15:30:00+05:30,28421.144958239183,28506.795719457703,27839.164569435023,28078.49482800814,1019431
2026-04-29 15:30:00+05:30,28317.75481794204,28511.886105462458,27853.37448636748,27971.211859800205,944643
2026-04-30 15:30:00+05:30,28292.387028922676,28293.490924193084,27808.903729854148,28086.10767936185,830957
2026-05-04 15:30:00+05:30,28192.17577742096,28280.98315824133,27868.082262325937,28043.381875043302,992718
2026-05-05 15:30:00+05:30,28009.083876755285,28625.32292885015,27847.507573370523,28440.736704600247,987498
2026-05-06 15:30:00+05:30,28253.58891903638,29031.991331794525,27949.434246721237,29028.086728407725,706638
2026-05-07 15:30:00+05:30,29205.888207044834,29437.198110890233,29004.847212231427,29072.36057837637,1103781
2026-05-08 15:30:00+05:30,28796.058002490623,29363.57185091118,28678.925652440594,29222.351964172412,776082
2026-05-11 15:30:00+05:30,29161.193631662656,29742.721781686996,28909.671180897316,29730.238589426735,898673
2026-05-12 15:30:00+05:30,29760.30761112447,29998.357049054575,29300.174727927664,29322.257651794826,705780
2026-05-13 15:30:00+05:30,29567.19929667882,29614.200372436826,28906.626023739704,29094.144495982677,749843
2026-05-14 15:30:00+05:30,29076.819775103206,29345.45229336663,29010.129316456452,29058.94315266143,1071774
2026-05-15 15:30:00+05:30,28984.981748866085,29245.36376365864,28935.506456363586,29027.006159061373,619525
2026-05-18 15:30:00+05:30,28942.93102732858,29327.40807168641,28920.46578405441,29033.06652756469,707302
2026-05-19 15:30:00+05:30,29135.79804395673,29158.87297917672,28744.025100135714,28995.9764537316,990036
2026-05-20 15:30:00+05:30,28807.786944832766,29101.88448871294,28171.362939947307,28401.516946202908,558059
2026-05-21 15:30:00+05:30,29043.52453934696,29616.234549880082,28112.45513001813,28346.56441552671,695583
2026-05-22 15:30:00+05:30,28141.809095858986,28761.21364843639,27760.272872957936,27761.60408420204,878226
2026-05-25 15:30:00+05:30,28349.708417686077,29281.681970970523,28328.287463111144,28625.517567815088,1106690
2026-05-26 15:30:00+05:30,28509.610180917978,29043.59236950029,28476.63775079253,28811.74218095912,703067
2026-05-28 15:30:00+05:30,28979.52385925147,29178.069451304338,28660.392217603967,28821.57572126581,883105
2026-05-29 15:30:00+05:30,28919.143624850938,28955.43663914028,28469.749938668,28770.208987288377,1075306
2026-06-01 15:30:00+05:30,28698.624758454956,28748.355294243087,27912.00915295453,28142.898199695002,669479
2026-06-02 15:30:00+05:30,28026.95763531753,28680.655243471265,27739.733267437296,28615.653625580362,787226
2026-06-03 15:30:00+05:30,28523.003272518836,28625.661612508844,28243.976513097903,28481.54790198444,835257
2026-06-04 15:30:00+05:30,28284.356149524217,28572.797339132056,28010.60955088801,28510.071914294047,1003544
2026-06-05 15:30:00+05:30,28506.770871333134,28738.694546446764,28371.225807297807,28449.55497799318,821637
2026-06-08 15:30:00+05:30,28339.337744930537,28626.41209599399,28189.991553476404,28242.18272008874,751972
2026-06-09 15:30:00+05:30,28159.29236992632,28482.45202113043,28099.37408316112,28104.939215670074,760811
2026-06-10 15:30:00+05:30,28001.80654604172,28246.730922695802,27451.166407808647,27502.978842575238,1077281
2026-06-11 15:30:00+05:30,27337.82444535036,27618.13396426231,27050.676095838593,27614.723910508204,831841
2026-06-12 15:30:00+05:30,27362.404734835352,27686.897129040342,27203.137875964814,27515.746432347783,788459
2026-06-15 15:30:00+05:30,27188.44455509404,27679.149538718917,26920.963525699608,27611.298340017183,916353
2026-06-16 15:30:00+05:30,27708.29915511152,27865.82169549908,27626.0343029954,27710.021921582604,596685
2026-06-17 15:30:00+05:30,27997.856745004996,28129.567266446684,26781.80991771248,27152.716508125577,871565
2026-06-18 15:30:00+05:30,27028.7036383353,28629.16952154084,26789.276003394265,28307.585937483884,651461
2026-06-19 15:30:00+05:30,27721.978386460887,28412.386155167904,27294.46392355162,28058.85591572184,684552
2026-06-22 15:30:00+05:30,28026.207697010712,28618.949484800632,27645.187120922183,27697.26961273809,988376
2026-06-23 15:30:00+05:30,27546.75827749567,28556.85224348772,27244.261276513505,28100.152648788273,742082
2026-06-24 15:30:00+05:30,28047.296251453055,28355.820195839595,27982.279406818085,28000.822019376537,974645
2026-06-25 15:30:00+05:30,27890.753620656164,28145.986581376885,27744.583948160827,27756.391254461163,624155
2026-06-26 15:30:00+05:30,27889.35384239469,28183.868626466738,27860.541179511474,27901.208512811263,1095449
2026-06-29 15:30:00+05:30,27823.605748581867,28171.780065094717,27759.144803005667,27994.790777991555,552909
2026-06-30 15:30:00+05:30,28075.445640449747,28102.080653543682,27610.286730924203,27821.805541078655,823006
2026-07-01 15:30:00+05:30,27658.075179225405,28139.300030620037,27608.426678984873,27953.00841514985,579486
2026-07-02 15:30:00+05:30,28051.837848386775,28109.125782428484,27780.677744214234,28008.890212783463,990329
2026-07-03 15:30:00+05:30,27805.729185857253,28232.45120081302,27577.935158085787,28159.95831714843,823423
2026-07-06 15:30:00+05:30,28205.867085785492,28240.86275282231,27788.1963773185,28071.17869077426,1044344
2026-07-07 15:30:00+05:30,28131.92655746022,28329.12273100621,27713.85405902945,27866.67825188929,1129153
2026-07-08 15:30:00+05:30,28118.64749337552,28205.301447318918,27723.635093369652,27954.455393746626,713831
2026-07-09 15:30:00+05:30,27948.57552434135,28180.248100633362,27832.26889596893,27991.791473219324,729454
2026-07-10 15:30:00+05:30,27836.546439092795,28231.07993782738,27783.686571030958,27961.27675151344,1121104
2026-07-13 15:30:00+05:30,27783.946949659312,28136.743823988414,27603.07227973945,28026.845299447534,969930
2026-07-14 15:30:00+05:30,28148.31901947936,28368.400338183004,27901.368879740592,28016.821593978922,1238539
2026-07-15 15:30:00+05:30,28149.0561638492,28278.508459367244,27602.616586698605,27707.52526425126,724707
2026-07-16 15:30:00+05:30,27714.569895832843,28034.734467616374,27560.647659830174,27910.784991473523,776299
2026-07-17 15:30:00+05:30,27913.619829460764,28448.684974763764,27893.89637555799,28178.4654409664,700505
2026-07-20 15:30:00+05:30,28035.709873355638,28479.11903303543,27935.307445899474,28301.368898276338,840709
2026-07-21 15:30:00+05:30,28374.685540771337,28381.155144320655,27904.64916877861,28212.850687569815,997349
2026-07-22 15:30:00+05:30,28317.124581863587,28629.315912101934,28133.63367179128,28539.73857210961,910551
2026-07-23 15:30:00+05:30,28261.91028454187,28794.48160673307,28260.793120488215,28467.936100821487,1148798
2026-07-24 15:30:00+05:30,28509.85099726764,28539.126552881375,28072.945496513406,28336.424786568172,646404
2026-07-27 15:30:00+05:30,28165.69406130228,28371.32660654849,28101.79257536027,28173.681591990415,882137
2026-07-28 15:30:00+05:30,28224.90007641478,28349.517945314958,28015.340492142863,28255.21615762846,653240
2026-07-29 15:30:00+05:30,28277.050883789118,28484.135409933806,28235.9775030475,28275.603265431153,561676
2026-07-30 15:30:00+05:30,28269.015916395234,28376.513515365652,28058.394174108933,28276.477472993403,805433
2026-07-31 15:30:00+05:30,28187.730513517727,28634.57632510413,27952.85440073497,28565.963527808966,958160
2026-08-03 15:30:00+05:30,28772.08123337087,28857.179283403148,28345.748627854387,28499.954178378433,694537
2026-08-04 15:30:00+05:30,28431.95069593907,28516.69123148607,28248.878004415314,28414.921479555822,642924
2026-08-05 15:30:00+05:30,28673.86910706783,28879.21829573215,28086.844202504843,28216.232495292574,804009
2026-08-06 15:30:00+05:30,28244.377393652623,28345.756188941592,27994.508184855084,28317.679821340345,650217
2026-08-07 15:30:00+05:30,28326.028022722283,28400.163780149098,27729.893372791386,27956.10333728111,803293
2026-08-10 15:30:00+05:30,27946.57330897607,28354.991593526764,27891.400947758528,28113.388215559968,729834
2026-08-11 15:30:00+05:30,27959.997925224663,28629.31037869468,27787.447943103558,28503.751115993928,627952
2026-08-12 15:30:00+05:30,28420.92174027729,28656.611226963916,28089.821152959703,28629.77453370591,1237728
2026-08-13 15:30:00+05:30,28442.604533708614,29115.603829363627,28435.715702231486,28841.609382497372,630986
2026-08-14 15:30:00+05:30,28918.45276447679,29359.00630980586,28700.966059585677,29299.432985091928,883637
2026-08-17 15:30:00+05:30,28949.801371363486,29605.682927032827,28771.585701363943,29424.516289725227,779388
2026-08-18 15:30:00+05:30,29483.904047359145,30053.116265445755,29419.517562342506,29811.29089327648,944153
2026-08-19 15:30:00+05:30,29883.83943734741,30009.282469484693,29537.359376161075,29727.936178543107,674525
2026-08-20 15:30:00+05:30,29637.85399713935,30104.15238303602,29564.897166228217,29841.183328596744,1157632
2026-08-21 15:30:00+05:30,29943.1814778464,29997.869101332653,29481.40145135446,29756.88775211248,1090939
2026-08-24 15:30:00+05:30,29703.64878108563,29859.629467101346,29588.69060865511,29718.43558001866,573226
2026-08-25 15:30:00+05:30,29580.920412883283,29698.617557714206,29383.85178700449,29655.432295661147,643625
2026-08-26 15:30:00+05:30,29605.145441546312,29860.720149840272,29447.720825976518,29465.672917074597,719922
2026-08-27 15:30:00+05:30,29794.532237105876,30011.103475287877,28992.463464472916,29072.750869135918,691352
2026-08-28 15:30:00+05:30,28885.015569733532,29386.57123231373,28657.706844012533,29264.22460485774,898842
2026-08-31 15:30:00+05:30,29126.729673027716,29570.2064869633,28969.94230006331,29466.848117067933,983680
2026-09-01 15:30:00+05:30,29449.160431852706,30409.523685171163,29145.646679359474,30398.65140038689,857786
2026-09-02 15:30:00+05:30,30406.137856661524,30578.237594942253,30204.920545936486,30293.243063666763,803004
2026-09-03 15:30:00+05:30,30273.240560762693,30680.61012212475,30031.608765973633,30575.626535768686,930500
2026-09-04 15:30:00+05:30,30433.420572634324,30785.484430260567,30379.66965508412,30536.033945787367,866143
2026-09-07 15:30:00+05:30,30406.492582216764,30714.062464357976,30297.611542029204,30539.092942321975,598822
