date,open,high,low,close,volume
2021-12-02 15:30:00+05:30,17500.0,17551.654312089868,17291.894610924264,17388.041316381255,1130646
2021-12-03 15:30:00+05:30,17467.330723343464,17502.78621367032,17326.500584834706,17407.37871656574,609503
2021-12-06 15:30:00+05:30,17453.970417233068,17630.16319757476,17439.183176177932,17484.302175346,922360
2021-12-07 15:30:00+05:30,17598.4662892314,17662.51830875734,17397.43311182634,17465.200520884002,933335
2021-12-08 15:30:00+05:30,17313.88203878952,17522.818550015032,17254.418805040867,17440.9557831419,784521
2021-12-09 15:30:00+05:30,17308.55729148586,17709.054559923057,17241.773720880206,17536.379180250577,931738
2021-12-10 15:30:00+05:30,17485.829436747736,17891.94955956967,17403.30817697554,17719.870338062086,652756
2021-12-13 15:30:00+05:30,17602.18948797041,17632.401156019056,17186.918484616475,17379.58932340282,776988
2021-12-14 15:30:00+05:30,17553.46662774039,18084.114800538267,17250.455291258353,18074.153608710112,758920
2021-12-15 15:30:00+05:30,18212.98493321072,18301.263987310685,17886.67139568439,18094.408377315627,1129207
2021-12-16 15:30:00+05:30,18039.665389456633,18553.654936324678,17874.8270956868,18390.686962070464,1082673
2021-12-17 15:30:00+05:30,18421.935065921065,19460.385914174316,18395.34032612061,19229.833347666958,701834
2021-12-20 15:30:00+05:30,19171.77481254582,19219.81269445274,18601.29463833457,18785.565367378982,683837
2021-12-21 15:30:00+05:30,19044.665881297497,19243.111250159956,18937.808055651763,19117.310719552093,515081
2021-12-22 15:30:00+05:30,18892.105442761185,18987.70067677593,18618.218812927145,18933.63997938017,1017160
2021-12-23 15:30:00+05:30,18924.093107176275,19623.097704489242,18846.102756422446,19349.175614950436,852065
2021-12-24 15:30:00+05:30,19431.97467666359,19555.226042259885,19189.743788290896,19326.84401326602,922205
2021-12-27 15:30:00+05:30,19271.766932170725,19455.20242306126,19145.449970057845,19390.718292568745,1014702
2021-12-28 15:30:00+05:30,19394.485028549607,19610.70854791742,19320.812289269077,19538.002013801284,605050
2021-12-29 15:30:00+05:30,19680.19133441407,19731.150849414356,19338.273419572426,19432.817522825862,812733
2021-12-30 15:30:00+05:30,19336.92578188467,19509.913919217706,19198.096647711325,19506.202382007938,936418
2021-12-31 15:30:00+05:30,19437.277413041465,19646.53579924964,19402.995982824403,19508.35906679812,629866
2022-01-03 15:30:00+05:30,19415.584290661558,19621.834642405935,19334.13292306914,19558.699970188736,966642
2022-01-04 15:30:00+05:30,19528.431544432267,19645.122386249146,19388.388182486844,19610.192425208643,739756
2022-01-05 15:30:00+05:30,19781.309609070955,19822.60270125915,19522.807638806204,19643.659108377487,1056287
2022-01-06 15:30:00+05:30,19685.253765348098,19775.331010050282,19437.770597685852,19554.100618722885,1272360
2022-01-07 15:30:00+05:30,19454.339942551578,19970.581742820817,19331.249390161738,19895.91845750829,936496
2022-01-10 15:30:00+05:30,19816.219979908135,19915.88805676722,19702.86719713436,19791.44257628033,934457
2022-01-11 15:30:00+05:30,19932.6215011377,20038.820911755447,19668.938817607483,19731.876502798343,751609
2022-01-12 15:30:00+05:30,19763.997618545192,19910.242689578852,19712.303638189176,19806.475949100586,777752
2022-01-13 15:30:00+05:30,19828.712966580646,20086.091049284383,19821.73489469031,19916.849347775187,738121
2022-01-14 15:30:00+05:30,19893.80381716044,19939.454118328762,19727.65791864984,19914.71832036063,797999
2022-01-17 15:30:00+05:30,19874.303940167036,19943.038391352115,19759.799988250914,19915.7900415461,937081
2022-01-18 15:30:00+05:30,19983.707494243863,20198.90016501105,19977.5216553438,20013.748597229038,1135883
2022-01-19 15:30:00+05:30,19994.484503888518,20095.69850980323,19897.36807826706,20047.917744488925,932101
2022-01-20 15:30:00+05:30,20063.546342873873,20172.003827921348,19982.78621019473,20022.84413848716,930434
2022-01-21 15:30:00+05:30,20058.362259069323,20227.848459783076,19910.43202263367,20223.751030895117,834253
2022-01-24 15:30:00+05:30,20219.586004575256,20350.492534740202,20178.244039921516,20195.84005569564,741616
2022-01-25 15:30:00+05:30,20315.413254844552,20343.5318806948,20091.4475175826,20212.314565921482,541550
2022-01-26 15:30:00+05:30,20314.60434891143,20506.16990270503,20271.38426747624,20324.095411472317,848909
2022-01-27 15:30:00+05:30,20478.537268794924,20660.198267317694,20372.657808736025,20391.059749014996,984859
2022-01-28 15:30:00+05:30,20708.31222006382,20813.461107279494,20429.328556872908,20480.299017893187,703458
2022-01-31 15:30:00+05:30,20400.816186894175,20510.058776460086,20291.7884671446,20450.00800841568,817146
2022-02-01 15:30:00+05:30,20473.981996773877,20664.698228722486,20420.79818891172,20546.643554697097,738751
2022-02-02 15:30:00+05:30,20491.554349990525,20649.41995247423,20407.63102343568,20514.125338327936,994937
2022-02-03 15:30:00+05:30,20383.587239699053,20681.474901669924,20300.82751960446,20574.01967317516,626453
2022-02-04 15:30:00+05:30,20491.963436034614,20691.228365813702,20328.69419338186,20667.164091503495,895259
2022-02-07 15:30:00+05:30,20655.895129830224,20990.658363378403,20513.47874198054,20945.074928064307,685293
2022-02-08 15:30:00+05:30,20910.63156866884,21000.240864469077,20681.31847161493,20808.569003536446,1041159
2022-02-09 15:30:00+05:30,20795.61161670654,21025.524915413767,20764.342069635826,20874.540517502268,994999
2022-02-10 15:30:00+05:30,20907.43726835594,20997.238211012027,20819.630876336047,20932.0865112913,623280
2022-02-11 15:30:00+05:30,20900.282492629005,21115.600973676977,20870.483817045355,20885.970107167766,1018467
2022-02-14 15:30:00+05:30,20920.322392612972,21005.3888620022,20683.531751851024,20789.130768571733,679458
2022-02-15 15:30:00+05:30,20784.222721971357,20904.05533827823,20672.75063650981,20769.485249350295,1175379
2022-02-16 15:30:00+05:30,20869.80652829607,21019.35711562857,20786.039391802256,20915.37198826956,976826
2022-02-17 15:30:00+05:30,20968.900265202585,21190.109226553555,20968.000744090124,20987.559550094513,707862
2022-02-18 15:30:00+05:30,20927.27237994952,21127.72835462854,20741.734426118026,21103.22600055299,920864
2022-02-21 15:30:00+05:30,21118.87472219641,21135.04756130537,20654.101265530913,20844.828747687247,932596
2022-02-22 15:30:00+05:30,20866.33705543582,20935.242850471714,20692.456954685415,20918.996261961132,804781
2022-02-23 15:30:00+05:30,21070.0471241287,21077.832433404717,20544.899048428557,20685.958005405824,896973
2022-02-24 15:30:00+05:30,20608.666610604036,20808.364596400213,20452.254956815486,20751.22189938091,1132843
2022-02-25 15:30:00+05:30,20848.361399276746,20925.65127650213,20550.1177326716,20655.73980660547,953077
2022-02-28 15:30:00+05:30,20752.85340049551,20824.791586405798,20629.432531929837,20699.214416976884,781770
2022-03-01 15:30:00+05:30,20692.213433148452,20875.45554242222,20594.653944800375,20771.496173665713,818564
2022-03-02 15:30:00+05:30,20755.608067233647,20845.21882246371,20511.038715266463,20622.52022845932,662594
2022-03-03 15:30:00+05:30,20584.10859697724,20613.69094928956,20353.943218540273,20488.452908835534,1014388
2022-03-04 15:30:00+05:30,20357.827577801138,20574.700958138714,20151.496124207042,20563.71147598802,1108578
2022-03-07 15:30:00+05:30,20634.756578043744,20854.52126119261,20615.17913831099,20700.74794487307,686601
2022-03-08 15:30:00+05:30,20477.528427945083,20772.73217378731,20453.016904847,20652.89968419683,884024
2022-03-09 15:30:00+05:30,20610.968055118316,20771.435817720972,20583.514159615806,20643.624166582904,921675
2022-03-10 15:30:00+05:30,20552.5882468172,20921.748957976757,20468.25361681173,20824.81209224998,991767
2022-03-11 15:30:00+05:30,20793.26401718504,20817.671292125648,20653.902065042053,20798.234569192104,695582
2022-03-14 15:30:00+05:30,20799.025779407482,20979.292997567434,20764.620436219815,20846.821561194698,747368
2022-03-15 15:30:00+05:30,20861.105070556776,21162.895634508895,20859.812410821414,20939.22495027614,1243056
2022-03-16 15:30:00+05:30,20975.189934684564,21097.641317740854,20867.075954928256,21023.919162575185,927987
2022-03-17 15:30:00+05:30,21062.14743189613,21170.79674256584,20660.077179039203,20738.280439709022,669310
2022-03-18 15:30:00+05:30,20702.4531744099,20882.585056042506,20651.41038448108,20768.53000885044,642570
2022-03-21 15:30:00+05:30,20707.448696824707,20964.451332215227,20664.977739360635,20791.731927508703,787210
2022-03-22 15:30:00+05:30,20831.09905527542,20929.079562311377,20740.736443011006,20851.895676342643,658332
2022-03-23 15:30:00+05:30,21009.789909705225,21051.638187125485,20456.34107397714,20588.296135046523,955377
2022-03-24 15:30:00+05:30,20579.60416145749,20580.95407316835,20399.978260492066,20557.439071827648,842482
2022-03-25 15:30:00+05:30,20415.415953941872,20546.737695430467,20350.773565455504,20410.948681648857,865921
2022-03-28 15:30:00+05:30,20184.37700966412,20416.683061060798,20138.81126013047,20263.10354957126,1182447
2022-03-29 15:30:00+05:30,20125.82292658598,20343.04304724838,20045.16408072853,20279.395988849385,597208
2022-03-30 15:30:00+05:30,20411.202439669967,20494.261070619184,20112.438612055823,20243.56562363392,843302
2022-03-31 15:30:00+05:30,20359.08845947178,20546.036940801234,19904.884907268442,19918.76301928301,1030166
2022-04-01 15:30:00+05:30,19821.91844012943,20182.978407630766,19692.17862113465,20169.430069666676,686847
2022-04-04 15:30:00+05:30,20094.51244932526,20312.712682200246,20085.369462330567,20112.108686853113,863185
2022-04-05 15:30:00+05:30,20009.64645121335,20229.924733222175,19954.375179224,20078.161871639117,1034093
2022-04-06 15:30:00+05:30,20090.77264971976,20274.428816133015,19891.656613692376,19908.798017450463,1046350
2022-04-07 15:30:00+05:30,19958.994335624957,20256.331363442867,19921.911797156623,20152.48564543887,727054
2022-04-08 15:30:00+05:30,20255.352653405316,20466.684726783933,20227.1438834503,20335.77135023097,824893
2022-04-11 15:30:00+05:30,20468.502060193387,20543.546502372843,20206.418239686638,20316.17399495367,684743
2022-04-12 15:30:00+05:30,20446.543201429904,20509.71251594812,20107.62631366112,20257.708783841426,1184113
2022-04-13 15:30:00+05:30,20336.75670754685,20462.057613388282,20145.00807649583,20222.937724736676,717713
2022-04-14 15:30:00+05:30,20368.97596605173,20386.137308694266,20165.794497095325,20322.165029988686,905157
2022-04-15 15:30:00+05:30,20298.143896534897,20473.11956081132,20252.066739427446,20271.658787797664,813545
2022-04-18 15:30:00+05:30,20190.726791492947,20396.30936232438,20099.63899496727,20114.780419111925,798440
2022-04-19 15:30:00+05:30,20078.045352152738,20288.35700088786,19935.09336591422,20224.328417216333,966497
2022-04-20 15:30:00+05:30,20206.180680510966,20399.102621190563,20022.087851399025,20380.645681203252,994940
2022-04-21 15:30:00+05:30,20454.063612428443,20502.801337584253,20261.550756292192,20416.172210270157,875882
2022-04-22 15:30:00+05:30,20361.535581418517,20595.396928707592,20281.617297209923,20521.59586626102,542238
2022-04-25 15:30:00+05:30,20621.714341252464,20760.363419133348,20532.901461434343,20568.746134680867,595361
2022-04-26 15:30:00+05:30,20421.676655545853,20646.40176031247,20318.05991214344,20535.419666608792,719473
2022-04-27 15:30:00+05:30,20508.121938534674,20609.725919531345,20406.288661243405,20536.879018129544,1047990
2022-04-28 15:30:00+05:30,20532.424350262823,20680.155147823636,20352.483993346403,20368.00297767571,696726
2022-04-29 15:30:00+05:30,20528.102283123342,20595.224142939463,20350.90237825203,20490.62606594005,1009531
2022-05-02 15:30:00+05:30,20452.575898219646,20600.999514671916,20302.722697536992,20345.763195853473,967517
2022-05-03 15:30:00+05:30,20395.722611461515,20706.971424447835,20385.539248881116,20502.616131860254,952981
2022-05-04 15:30:00+05:30,20595.069317870537,21080.320632059516,20551.258655041624,20899.261316793796,1213077
2022-05-05 15:30:00+05:30,20927.693473137027,21077.122494735915,20864.40564634153,20873.959864377946,745105
2022-05-06 15:30:00+05:30,20786.427699325366,20992.04513269976,20617.003965711032,20961.17184571292,900085
2022-05-09 15:30:00+05:30,20813.62024318713,21097.023877801388,20683.10645400879,21048.866858797737,670247
2022-05-10 15:30:00+05:30,21085.680889589097,21257.807106247845,21004.494505542923,21141.24748599566,1026817
2022-05-11 15:30:00+05:30,21268.560135455533,21396.608828481298,21038.743466173364,21107.122686923965,666962
2022-05-12 15:30:00+05:30,21163.84407366166,21215.158495054933,21010.843519429534,21171.008352882724,758170
2022-05-13 15:30:00+05:30,21251.73798734494,21537.71717782641,21235.76293902811,21364.62790205356,715183
2022-05-16 15:30:00+05:30,21321.002947943114,21583.12524547313,21300.294353259476,21402.70784767144,809329
2022-05-17 15:30:00+05:30,21378.88677913388,21555.98573557791,21281.131989381207,21319.642496571774,827484
2022-05-18 15:30:00+05:30,21338.10962784485,21686.747663997932,21307.572983793845,21509.144372880106,1022868
2022-05-19 15:30:00+05:30,21496.213123362995,21513.60983597596,21298.215646450146,21471.43905445974,1038234
2022-05-20 15:30:00+05:30,21344.024738545002,21596.63488077201,21224.587411507375,21526.749089514782,865934
2022-05-23 15:30:00+05:30,21610.40119188254,21835.139894597185,21485.555172238848,21489.7002914155,778600
2022-05-24 15:30:00+05:30,21486.1807507242,21729.81353385378,21465.251872856414,21529.828268430614,848813
2022-05-25 15:30:00+05:30,21469.407620101323,21643.00494499091,21307.289773370056,21583.59064867585,1071876
2022-05-26 15:30:00+05:30,21523.12109264402,21763.86467412692,21515.389784777133,21590.07356484232,711396
2022-05-27 15:30:00+05:30,21618.441393844587,21647.214257279116,21404.544019945333,21548.427203021896,818456
2022-05-30 15:30:00+05:30,21421.29367777323,21689.949521948532,21281.807159700613,21650.49444723488,694432
2022-05-31 15:30:00+05:30,21672.30430987733,21746.95617171769,21532.269270579858,21726.783624450778,969128
2022-06-01 15:30:00+05:30,21717.776613978906,21955.87554384167,21526.83306413694,21919.156478513094,968308
2022-06-02 15:30:00+05:30,21734.424699112333,21943.31033415421,21663.01015950882,21785.630612028122,776378
2022-06-03 15:30:00+05:30,21922.522059068742,21948.08246991901,21686.780398575556,21815.22654340034,518037
2022-06-06 15:30:00+05:30,21733.482404243132,22199.997378260716,21632.58188223353,22097.13804591816,1042760
2022-06-07 15:30:00+05:30,22156.432392612987,22204.166878300635,21966.67017210135,22074.68624870048,643019
2022-06-08 15:30:00+05:30,22047.294916508275,22179.2624035973,21794.08934074074,21834.276043807124,626418
2022-06-09 15:30:00+05:30,21790.676765187633,22096.60419046061,21752.59848946995,21919.920254725766,1014087
2022-06-10 15:30:00+05:30,21975.82519523602,22167.831384855122,21821.37039836419,22095.398343854176,879161
2022-06-13 15:30:00+05:30,22021.584151498562,22168.89455726185,21875.74965748082,22133.125081977767,652971
2022-06-14 15:30:00+05:30,22199.402204355567,22376.356518354336,22138.709001187042,22169.48929723165,1158174
2022-06-15 15:30:00+05:30,22267.826717380147,22408.539878235908,21801.60988967167,21843.807966381013,695617
2022-06-16 15:30:00+05:30,21716.462164052416,22152.648857268116,21650.806016112845,22068.655775066494,857783
2022-06-17 15:30:00+05:30,22056.704652704557,22389.70102698013,21944.679969284756,22291.9400769687,1154124
2022-06-20 15:30:00+05:30,22344.776687026977,22559.093819597347,22198.539431179848,22540.705291375372,937811
2022-06-21 15:30:00+05:30,22363.59875809795,22492.172097067145,22108.80559684968,22191.590622435677,775691
2022-06-22 15:30:00+05:30,22115.727149703627,22216.426673269827,21976.600372289515,22039.71793229925,880285
2022-06-23 15:30:00+05:30,22075.073994358736,22141.52705950262,21839.127224347696,21976.953308571097,1013073
2022-06-24 15:30:00+05:30,21830.855335276246,22140.872443798024,21828.58157821829,21990.071436478214,724939
2022-06-27 15:30:00+05:30,22032.046039895326,22067.935820457435,21742.554063524673,21885.33182350973,650802
2022-06-28 15:30:00+05:30,21851.484122117017,21872.00433991667,21647.01112466168,21839.205642374433,846185
2022-06-29 15:30:00+05:30,21946.77385628177,22156.2661092888,21821.53134860658,22049.72051293222,1167004
2022-06-30 15:30:00+05:30,22008.641617390567,22244.55812584538,21929.65847681124,22136.279948426116,604035
2022-07-01 15:30:00+05:30,22107.480284627967,22298.99520626242,22007.49927171422,22197.70286203369,1022668
2022-07-04 15:30:00+05:30,22136.002048915827,22254.319723412616,22025.906715203375,22060.120022805553,569326
2022-07-05 15:30:00+05:30,22069.91526595734,22312.36093772247,22033.747602218325,22179.77044776009,856051
2022-07-06 15:30:00+05:30,21989.674833269113,22348.632476662446,21805.822644521817,22318.637833762616,1143744
2022-07-07 15:30:00+05:30,22311.146228327376,22959.530103240104,22186.244378464027,22925.585156294866,533154
2022-07-08 15:30:00+05:30,22700.490509062885,23084.508398005484,22588.870376910672,23036.96380312311,847175
2022-07-11 15:30:00+05:30,22853.286551218673,23377.442791635574,22808.79809486503,23175.766969461252,708140
2022-07-12 15:30:00+05:30,23216.050864677403,23346.84539907997,23085.749422593064,23251.380490908043,825541
2022-07-13 15:30:00+05:30,23223.521452304347,23363.962383462498,22964.742833276017,23059.63648264098,1137786
2022-07-14 15:30:00+05:30,22998.224948323932,23075.34451237844,22862.734519484602,22943.600620338446,564434
2022-07-15 15:30:00+05:30,22934.467798238547,23157.979184385076,22777.244150183822,23139.749701075038,717412
2022-07-18 15:30:00+05:30,23072.472461451085,23179.317748161604,22884.21205689821,23162.563249149633,903068
2022-07-19 15:30:00+05:30,23084.69166826038,23458.797531239517,23071.60198556548,23288.088500713526,624955
2022-07-20 15:30:00+05:30,23113.737783156626,23279.801433584526,23008.38116620712,23080.507451914767,736837
2022-07-21 15:30:00+05:30,23149.797871523882,23296.28959158982,22794.80740413683,22887.85865693193,1276211
2022-07-22 15:30:00+05:30,22948.10023867783,23030.977040277627,22809.181183692326,22903.964865228274,725283
2022-07-25 15:30:00+05:30,22998.836433794113,23178.13458439749,22758.41453976149,22801.773487921346,694069
2022-07-26 15:30:00+05:30,22765.870876713045,23011.010037689775,22672.589077717665,22938.835821980258,887206
2022-07-27 15:30:00+05:30,22898.744898409634,22977.042356911104,22760.7930146271,22889.06258429489,968535
2022-07-28 15:30:00+05:30,22920.116852907442,23014.248830091507,22599.27305777768,22672.289747651907,557310
2022-07-29 15:30:00+05:30,22651.874181821986,22915.476007493915,22535.789658621547,22808.668125334552,1101428
2022-08-01 15:30:00+05:30,23019.200479023646,23182.688797125167,22699.184731605965,22775.87057238393,711884
2022-08-02 15:30:00+05:30,22858.546175204832,22922.128173226625,22627.021252465438,22741.68667893973,591362
2022-08-03 15:30:00+05:30,22955.423962197325,23077.933456153125,22624.577452178455,22743.679695579183,1002830
2022-08-04 15:30:00+05:30,22785.130668796268,22861.023737527456,22559.793360059513,22714.135595872805,1198846
2022-08-05 15:30:00+05:30,22702.125691192006,23120.33957872496,22530.381749496242,23051.450171805853,863575
2022-08-08 15:30:00+05:30,23108.604639195244,23164.188165665088,22931.880088476573,23139.239227535883,847281
2022-08-09 15:30:00+05:30,23103.81904799043,23116.808819977585,22717.579242133354,22903.100592068207,890373
2022-08-10 15:30:00+05:30,22974.30848715907,23088.579745508756,22641.339006048074,22696.252127267962,768784
2022-08-11 15:30:00+05:30,22703.853915823176,22874.534572202185,22599.72324071714,22798.59347674513,995894
2022-08-12 15:30:00+05:30,22865.428377306285,23038.026271828367,22527.19524906506,22528.119230412765,708869
2022-08-15 15:30:00+05:30,22722.922633470684,22856.725274067354,22426.83157044305,22480.831408196183,1032331
2022-08-16 15:30:00+05:30,22468.25642729246,22662.23063293655,22349.87058594648,22600.936910735712,1025671
2022-08-17 15:30:00+05:30,22645.205206015013,22670.066719763305,22292.902616610983,22501.07131927204,904800
2022-08-18 15:30:00+05:30,22604.327335456037,22606.42632210585,22408.081145352866,22582.3809450232,767103
2022-08-19 15:30:00+05:30,22680.46873230778,22808.941759322595,22342.24735793721,22399.864715582953,870524
2022-08-22 15:30:00+05:30,22190.06327980558,22529.226205229592,22179.078911632852,22387.409384945207,617011
2022-08-23 15:30:00+05:30,22408.073303530207,22616.297779617944,22343.466906440088,22525.610380560694,751741
2022-08-24 15:30:00+05:30,22449.919123389267,22494.078453543854,22312.81017486313,22458.78090492081,975415
2022-08-25 15:30:00+05:30,22500.26140614443,22536.473903112095,22211.473523373028,22329.69877070037,822150
2022-08-26 15:30:00+05:30,22339.598588646542,22353.545542213527,21924.46952968733,22117.334412212334,1072740
2022-08-29 15:30:00+05:30,22260.482942063798,22288.792859533794,22033.2793858971,22281.616950087886,1049978
2022-08-30 15:30:00+05:30,22322.699118312023,22396.190516137838,22168.864029213437,22392.88074794802,752003
2022-08-31 15:30:00+05:30,22404.288018300947,22695.190398293114,22125.22570339237,22599.955900707093,709394
2022-09-01 15:30:00+05:30,22555.451749691503,22828.490854571173,22188.90266672664,22308.54038584695,1071651
2022-09-02 15:30:00+05:30,22386.06036744406,22503.899555784894,21834.29838283577,21918.288038234656,647335
2022-09-05 15:30:00+05:30,21904.634477187414,21976.494904842795,21771.859345655306,21927.616428946418,989846
2022-09-06 15:30:00+05:30,22118.002699577155,22182.569922752624,21970.710734823017,22094.924174390344,819146
2022-09-07 15:30:00+05:30,22127.05525016775,22156.439400390816,21937.701338909912,22065.49189592996,679308
2022-09-08 15:30:00+05:30,22213.052327305424,22365.011238704763,22015.304329218947,22024.996357665656,676683
2022-09-09 15:30:00+05:30,22070.23274694055,22227.86913838231,22032.093839705638,22095.883962867763,714074
2022-09-12 15:30:00+05:30,21998.12560901117,22075.107974547078,21858.190441797396,22043.35256540642,664456
2022-09-13 15:30:00+05:30,22163.11632937732,22245.277299952995,21513.00664944834,21605.657778501838,886334
2022-09-14 15:30:00+05:30,21560.959679168387,21786.76508878767,21461.811081258697,21676.06659096879,1072210
2022-09-15 15:30:00+05:30,21667.340628725186,21852.219858083325,21626.717260538535,21677.986740998742,1212601
2022-09-16 15:30:00+05:30,21649.472701524537,21777.236641643256,21383.123689799875,21437.74904777475,656540
2022-09-19 15:30:00+05:30,21523.571600756186,21683.370717718768,21396.666945316058,21448.345795457237,1100918
2022-09-20 15:30:00+05:30,21608.10355300983,21676.812194492875,21146.993066632178,21288.201217281534,818572
2022-09-21 15:30:00+05:30,21159.352273285298,21266.40479855828,21068.39124164267,21146.228050477057,796775
2022-09-22 15:30:00+05:30,21244.372719768002,21344.728206905882,20967.616371789423,21072.833689956544,1101210
2022-09-23 15:30:00+05:30,21082.7735367672,21150.192670686225,20967.26297549866,21082.12737153347,608265
2022-09-26 15:30:00+05:30,21189.40657578123,21196.20605367851,20835.674828848507,20979.337092659956,598615
2022-09-27 15:30:00+05:30,21013.695603858003,21032.524284016046,20764.260576087516,20902.566306537366,886880
2022-09-28 15:30:00+05:30,20865.527424584514,21111.584508820903,20826.455720334976,20936.59665174995,810580
2022-09-29 15:30:00+05:30,20935.142134137855,21010.179041889925,20785.960843611916,20892.375268168078,687682
2022-09-30 15:30:00+05:30,20843.87567351196,21083.04370691703,20791.510771723628,20980.79076690139,566241
2022-10-03 15:30:00+05:30,20903.642663329534,21270.172048268305,20841.7995799754,21125.661468838254,771250
2022-10-04 15:30:00+05:30,21019.973469211218,21309.669145283988,21019.717723666497,21087.325693508137,1178578
2022-10-05 15:30:00+05:30,21190.289408887555,21297.16406572031,20700.430875984955,20790.03240538016,1110275
2022-10-06 15:30:00+05:30,20800.78831610926,20932.230173929285,20750.152790236854,20834.8808601607,520159
2022-10-07 15:30:00+05:30,20822.980053272928,20854.350309147077,20629.06585063052,20773.390678300097,894207
2022-10-10 15:30:00+05:30,20792.921375858088,20848.974626315772,20446.38670449419,20562.79906106936,839145
2022-10-11 15:30:00+05:30,20374.485732202305,20456.946690517205,20231.242559207305,20424.344950124425,974747
2022-10-12 15:30:00+05:30,20379.469436441912,20511.5373222006,20278.892328644866,20305.83064276269,934524
2022-10-13 15:30:00+05:30,20393.52175766852,20394.431469075393,20114.43222303927,20255.38485093256,912823
2022-10-14 15:30:00+05:30,20425.195145526828,20502.839708605792,20195.027968274168,20298.60531566654,1057171
2022-10-17 15:30:00+05:30,20294.881853664036,20374.744804421167,20095.910900467064,20210.862339895586,900411
2022-10-18 15:30:00+05:30,20124.771012141635,20177.211259100037,19817.415462173933,19949.507209303836,998408
2022-10-19 15:30:00+05:30,19779.54655663638,19960.685484687267,19759.521755382764,19802.020260407975,814238
2022-10-20 15:30:00+05:30,19871.94877249949,19974.733394503874,19254.98286539083,19344.61133629045,1080079
2022-10-21 15:30:00+05:30,19388.80575973432,19522.483823195802,19280.289850858728,19289.030063921215,821801
2022-10-24 15:30:00+05:30,19186.83969813573,19462.942186754077,19068.338781070444,19413.61525154594,633140
2022-10-25 15:30:00+05:30,19495.961004943078,19715.079813186952,19405.86563703779,19620.904780546975,811894
2022-10-26 15:30:00+05:30,19546.684817175716,19762.130952384166,19481.325112540944,19620.226083128502,1045289
2022-10-27 15:30:00+05:30,19627.575783573247,19647.70392175487,19433.98349108736,19629.231173378015,839132
2022-10-28 15:30:00+05:30,19783.72474021033,19890.459824465906,19621.71998126569,19880.653390223004,904315
2022-10-31 15:30:00+05:30,19891.252058447,20084.712407560044,19571.885048118376,19576.364471274934,1044274
2022-11-01 15:30:00+05:30,19563.49512311831,19834.4998496579,19429.630110446014,19762.77222642389,1188895
2022-11-02 15:30:00+05:30,20072.28355191492,20185.581912931335,19784.733881159944,19815.27150697521,642547
2022-11-03 15:30:00+05:30,19805.1252817697,19937.46164829845,19689.607175896243,19874.946841244393,658703
2022-11-04 15:30:00+05:30,19826.4518593447,20093.905979031682,19783.491406256762,19925.707792146757,1095829
2022-11-07 15:30:00+05:30,19943.29921533597,20299.389384374448,19882.072678355184,20180.903252186636,1026745
2022-11-08 15:30:00+05:30,20177.930338132475,20309.414332299704,20077.55931509258,20227.423230168373,940373
2022-11-09 15:30:00+05:30,20094.591209283055,20101.0704259473,19855.003385530843,20000.627927024412,579006
2022-11-10 15:30:00+05:30,20071.368657514762,20388.82139381238,20037.68717058248,20257.430905463007,669610
2022-11-11 15:30:00+05:30,20219.615764185353,20293.445822950933,20012.39465838073,20087.131886503896,858077
2022-11-14 15:30:00+05:30,20077.618052210368,20148.531460043465,19968.900546677094,20072.85715783878,898461
2022-11-15 15:30:00+05:30,20094.12754440956,20307.18930624414,19979.947113101414,20254.25062616315,632048
2022-11-16 15:30:00+05:30,20260.273418417077,20424.133225857317,20212.440752442304,20254.07187472928,769165
2022-11-17 15:30:00+05:30,20367.034123562356,20499.295069872624,20305.836963947757,20385.30958074693,995116
2022-11-18 15:30:00+05:30,20233.851056835734,20476.680634562803,20095.457012038372,20402.152069508866,997189
2022-11-21 15:30:00+05:30,20623.98449172668,20692.495044384512,20257.824548155884,20383.99350282008,800852
2022-11-22 15:30:00+05:30,20361.461239340544,20774.3903385712,20356.745987748032,20621.90703967796,815345
2022-11-23 15:30:00+05:30,20744.26938951659,20781.500934724867,20472.66491978355,20587.419031505127,933461
2022-11-24 15:30:00+05:30,20676.408279867184,20868.85321337547,20617.560338514006,20645.22024163895,1054499
2022-11-25 15:30:00+05:30,20802.74649626705,20897.96575783385,20684.18024882344,20862.414007007825,544349
2022-11-28 15:30:00+05:30,21032.60107527087,21117.83819944217,20652.580973344608,20725.135440852675,738429
2022-11-29 15:30:00+05:30,20637.27014175111,21081.42097301956,20588.465195090037,20986.58471495053,772532
2022-11-30 15:30:00+05:30,21092.79368378663,21263.576372274114,20813.820448583916,20828.170200721856,619150
2022-12-01 15:30:00+05:30,20679.386740839705,20757.16935636232,20551.349607943248,20742.670404866367,553498
2022-12-02 15:30:00+05:30,20681.785967238182,20887.937631165834,20611.450995213152,20779.555374583244,722752
2022-12-05 15:30:00+05:30,20766.33320893958,20807.397025820246,20432.19072288619,20541.33105787247,873244
2022-12-06 15:30:00+05:30,20499.104974924438,20679.690653177502,20159.19342961427,20324.659791241553,914684
2022-12-07 15:30:00+05:30,20230.433880616634,20954.358165300546,20158.143550777742,20757.2043003955,554908
2022-12-08 15:30:00+05:30,20627.542256942615,20931.670992292333,20432.009103836866,20759.991434466407,802718
2022-12-09 15:30:00+05:30,20509.137433184158,20883.856800876965,20330.870935152692,20738.48604773702,881172
2022-12-12 15:30:00+05:30,20591.795273981872,21199.85172591086,20537.244771717353,20995.82938216209,885410
2022-12-13 15:30:00+05:30,20892.55743395003,21190.382218079143,20722.35879907236,21060.827750168915,828482
2022-12-14 15:30:00+05:30,21206.980881942527,21458.875611118277,20616.29775658385,20619.77045525008,788861
2022-12-15 15:30:00+05:30,20549.734032558365,20611.724017649787,20065.13100339255,20334.730027120666,1135123
2022-12-16 15:30:00+05:30,20569.93501825729,20764.075304545586,19873.413233137053,20059.35417215057,1166510
2022-12-19 15:30:00+05:30,20351.606492747233,20568.487451830664,19792.156874148848,19840.845722692186,579849
2022-12-20 15:30:00+05:30,19922.219425168114,20190.392738763705,19576.805401694837,19625.514406695744,957230
2022-12-21 15:30:00+05:30,19526.427530973815,19921.067537099963,19476.04278428447,19665.68794655443,904463
2022-12-22 15:30:00+05:30,19797.353524530758,19875.331683637192,18342.567940073746,18603.855417308405,702470
2022-12-23 15:30:00+05:30,18476.411380414473,18925.832024181596,18411.091026143204,18650.189086381408,1174568
2022-12-26 15:30:00+05:30,18857.028146062243,19162.95299540329,18507.813725787415,18536.47550997239,1028945
2022-12-27 15:30:00+05:30,18633.94176101931,18906.56968546227,18489.352574595006,18533.04491800465,934800
2022-12-28 15:30:00+05:30,18707.918904686045,18799.751935660806,18126.58446701002,18358.77123973832,681720
2022-12-29 15:30:00+05:30,18630.658880761683,18892.548452971223,18472.926536025854,18526.259265483026,1146265
2022-12-30 15:30:00+05:30,18615.142216851647,18737.63641028662,18241.985877419575,18354.19365718333,826080
2023-01-02 15:30:00+05:30,18401.37051594608,18464.62644338512,17906.50987413929,18104.997860016556,789557
2023-01-03 15:30:00+05:30,18183.332446016793,18493.01379545455,18035.636838733066,18075.571071055714,1025551
2023-01-04 15:30:00+05:30,18164.815568092992,18319.257567373836,17901.0175721034,18113.170534389083,1107940
2023-01-05 15:30:00+05:30,17941.240171778092,18391.214919020065,17907.975882266906,18090.15093986805,1080077
2023-01-06 15:30:00+05:30,18264.914590881956,18467.607001065222,18046.027763028174,18339.508612337137,862434
2023-01-09 15:30:00+05:30,18376.752689497644,18634.62430661284,18253.4519371288,18306.222757499672,718348
2023-01-10 15:30:00+05:30,18329.231570300577,18911.246374125953,18226.07518077641,18696.145092846764,955250
2023-01-11 15:30:00+05:30,18668.2605266958,18718.710895062693,18386.458535139784,18648.484660171755,810662
2023-01-12 15:30:00+05:30,18494.812175144936,19027.652134965712,18485.295316945936,18843.904792434118,872662
2023-01-13 15:30:00+05:30,18784.816364662147,18846.356076571323,18606.955573045634,18826.186329047836,1098213
2023-01-16 15:30:00+05:30,18899.311126848304,19131.607600141444,18819.67125408373,19008.715295766517,844807
2023-01-17 15:30:00+05:30,18905.218124758852,19147.951173008776,18857.45972278708,19026.484502755447,1062268
2023-01-18 15:30:00+05:30,19073.417409689286,19157.01765691695,18908.011678963398,19003.785209729365,1009274
2023-01-19 15:30:00+05:30,18924.36679967425,19063.264759077734,18780.95742712828,19052.180342849508,899397
2023-01-20 15:30:00+05:30,18980.34925250598,19337.369706223166,18906.044340079963,19242.77345548984,692121
2023-01-23 15:30:00+05:30,19387.161675955733,19546.13997089515,19216.234777199556,19222.28803781331,685927
2023-01-24 15:30:00+05:30,19203.981329868824,19280.40166630013,19100.547003598414,19227.75007782263,780088
2023-01-25 15:30:00+05:30,19059.163959215428,19582.940120965264,19001.85510911747,19456.322124750288,995924
2023-01-27 15:30:00+05:30,19553.15903818391,19586.0832463296,19379.304334239638,19536.05536860968,969273
2023-01-30 15:30:00+05:30,19677.429609545725,19677.72874249825,19233.469534197677,19386.88121599881,834174
2023-01-31 15:30:00+05:30,19543.70213331043,19731.124376828287,19355.23506322721,19372.845451696205,779972
2023-02-01 15:30:00+05:30,19455.792567070825,19617.856592005573,19262.78122390035,19305.692929570396,1075933
2023-02-02 15:30:00+05:30,19273.380511069063,19505.76969792539,19258.482040938048,19382.11562483645,796836
2023-02-03 15:30:00+05:30,19510.102340202586,19670.150335403225,19476.00680493901,19512.99218068407,959921
2023-02-06 15:30:00+05:30,19598.032547424697,19779.771998345255,19494.356847896364,19499.818956239247,975711
2023-02-07 15:30:00+05:30,19453.788060882725,19537.418507006554,19340.75949027233,19472.91382095624,735355
2023-02-08 15:30:00+05:30,19634.444820490608,19703.49047311538,19291.001897350194,19386.750849003347,953469
2023-02-09 15:30:00+05:30,19523.150192428857,19588.95639301315,19200.201375721397,19306.524256734137,927816
2023-02-10 15:30:00+05:30,19446.801889748902,19563.467985931926,19176.46077025593,19222.835465568696,875336
2023-02-13 15:30:00+05:30,19139.742574871125,19443.39400980861,19082.66198244015,19331.105555880942,696848
2023-02-14 15:30:00+05:30,19251.059690500217,19360.057642330717,19112.108340238046,19194.775032294092,1166180
2023-02-15 15:30:00+05:30,19212.546936916184,19253.17773069644,19073.921029736917,19229.656230764976,924047
2023-02-16 15:30:00+05:30,19160.235785217188,19396.944184508648,19036.033316432055,19357.798699134095,648500
2023-02-17 15:30:00+05:30,19531.305181475767,19615.319092343816,19242.31411494299,19338.0307518413,1143291
2023-02-20 15:30:00+05:30,19479.286961317845,19588.085940990528,19375.98286693396,19502.852764654242,839856
2023-02-21 15:30:00+05:30,19360.611409969122,19685.615249270813,19283.04144065427,19601.344293726837,780075
2023-02-22 15:30:00+05:30,19698.369588554353,19832.63272875601,19466.157965604176,19466.17110887855,799071
2023-02-23 15:30:00+05:30,19366.534051554747,19559.260285472676,19270.80555631673,19477.05190788244,936909
2023-02-24 15:30:00+05:30,19506.324442759458,19740.02075443627,19327.89752413034,19719.811445671072,958449
2023-02-27 15:30:00+05:30,19772.5525533896,19811.319518983084,19617.44150554933,19806.36759032487,819708
2023-02-28 15:30:00+05:30,19767.408758324196,19823.395168648636,19596.76324980909,19718.433887781957,1012687
2023-03-01 15:30:00+05:30,19704.128363334028,19891.190867939404,19447.62143320445,19453.381562685,1070947
2023-03-02 15:30:00+05:30,19363.129859085268,19643.944511882815,19347.19583314422,19463.87184184057,837198
2023-03-03 15:30:00+05:30,19342.69730372302,19598.98382179752,19323.646004888673,19421.65593164794,985471
2023-03-06 15:30:00+05:30,19408.896304945225,19472.666508306414,19274.71204034809,19407.89336776057,742483
2023-03-08 15:30:00+05:30,19340.867421114264,19476.498257742765,19226.117468556484,19413.64651427981,666616
2023-03-09 15:30:00+05:30,19429.75644936339,19549.502307955798,19324.731327096222,19509.680158393854,952028
2023-03-10 15:30:00+05:30,19442.971058686275,19664.21439447928,19442.709109164305,19511.985627958933,557532
2023-03-13 15:30:00+05:30,19542.538561411653,19685.490429970967,19434.768269866865,19654.67579981992,741633
2023-03-14 15:30:00+05:30,19717.131257309098,19723.74835222605,19565.577660476974,19721.126150950517,740129
2023-03-15 15:30:00+05:30,19814.192848291714,20175.721359478117,19797.862211304488,20017.556865066384,801073
2023-03-16 15:30:00+05:30,20134.07070295242,20378.586660298173,20112.846277038796,20252.86510402941,926188
2023-03-17 15:30:00+05:30,20026.273548461308,20387.725810562573,19839.614270259182,20381.340616438236,875073
2023-03-20 15:30:00+05:30,20271.7797642083,20437.567779547397,20166.866777816518,20396.629258734552,841326
2023-03-21 15:30:00+05:30,20596.930326655376,20721.285085918444,20387.301562554476,20462.565137771995,760082
2023-03-22 15:30:00+05:30,20610.05864034715,20648.002815372987,20059.805667999117,20168.82997599051,868647
2023-03-23 15:30:00+05:30,20134.907994402045,20281.45375989042,20003.26645143324,20258.26126228228,628171
2023-03-24 15:30:00+05:30,20401.367794710164,20540.10934174112,20015.262867576028,20046.975291003928,666314
2023-03-27 15:30:00+05:30,20082.444534789218,20160.898920492742,19910.834744988682,20020.840339480575,662127
2023-03-28 15:30:00+05:30,19954.049146209083,20050.787735898426,19840.87765404367,19995.182755843176,870426
2023-03-29 15:30:00+05:30,19925.96150254458,20068.154558279173,19792.25476948061,20044.38488382563,970570
2023-03-31 15:30:00+05:30,19991.440834131674,20168.807715252133,19984.84820017525,20010.121191977963,653491
2023-04-03 15:30:00+05:30,20106.00332521595,20135.50370996878,19879.45561033956,20016.617640916473,991685
2023-04-05 15:30:00+05:30,20012.409020275478,20588.2015382499,20010.010391308388,20420.696839864453,936508
2023-04-06 15:30:00+05:30,20433.480524309285,20467.31253378443,20249.857580469965,20393.02317711464,827562
2023-04-10 15:30:00+05:30,20405.38532493929,20517.159359686164,20236.1009433256,20264.13972387346,920211
2023-04-11 15:30:00+05:30,20273.88339557784,20332.966392420472,19921.69454984765,20070.49547694677,1008104
2023-04-12 15:30:00+05:30,20128.307699802,20290.41294842398,20100.1388026191,20149.835841958386,978840
2023-04-13 15:30:00+05:30,20237.58256392912,20332.751802469833,20156.651470296987,20232.977286176352,681767
2023-04-17 15:30:00+05:30,20250.169461269168,20331.732376850385,19985.84080610508,20091.209385608243,1137615
2023-04-18 15:30:00+05:30,20078.8820779286,20295.84818488795,20073.73814426897,20148.00656508755,922906
2023-04-19 15:30:00+05:30,20133.7465850612,20259.796698659855,19999.256064025627,20044.55826207477,961848
2023-04-20 15:30:00+05:30,19992.267092714934,20026.90066059372,19814.578150601505,20000.679137741998,955925
2023-04-21 15:30:00+05:30,20062.654562174397,20155.17688826203,19742.643881955773,19819.804470564195,776954
2023-04-24 15:30:00+05:30,19752.13251678875,20224.86573699792,19638.23487204641,20156.792535270797,829182
2023-04-25 15:30:00+05:30,20061.518194333457,20169.823041365737,19936.143451550055,19971.838976542374,824903
2023-04-26 15:30:00+05:30,20014.524739885634,20114.03069309852,19844.107445058384,19908.29639471487,817906
2023-04-27 15:30:00+05:30,19962.875520001002,19974.605661236896,19573.61816040864,19757.277917058447,1185379
2023-04-28 15:30:00+05:30,19745.038857910626,19807.75073667645,19585.536216354856,19707.35932616594,993698
2023-05-02 15:30:00+05:30,19603.047641961923,19822.244486817915,19550.18660258424,19726.337094031373,606790
2023-05-03 15:30:00+05:30,19889.74200164318,20082.32277237073,19739.617359043983,20061.083205291638,784482
2023-05-04 15:30:00+05:30,20031.764412315424,20087.116148582227,19932.00932117342,20015.967131958598,606321
2023-05-05 15:30:00+05:30,20078.073082034658,20240.718896930823,19991.00336560846,20015.62952751894,805654
2023-05-08 15:30:00+05:30,20067.810593703995,20220.71128066604,19883.214307983486,19922.511475373405,894038
2023-05-09 15:30:00+05:30,19799.49020105729,20057.92643590775,19649.592868734628,20041.46649390649,758543
2023-05-10 15:30:00+05:30,20057.016363781044,20185.385932842568,19970.268655965203,20027.620041718255,778165
2023-05-11 15:30:00+05:30,20026.25398912627,20170.525046977502,19982.48741983125,20064.37007159477,550997
2023-05-12 15:30:00+05:30,20063.63021435681,20072.40835277295,19873.408586545615,20044.548803881073,1106560
2023-05-15 15:30:00+05:30,20097.381824944296,20401.01377631978,20068.023502722288,20234.64744161422,831777
2023-05-16 15:30:00+05:30,20299.83832688577,20332.913504350592,19876.067196666612,20041.327994782914,750535
2023-05-17 15:30:00+05:30,20123.211858609604,20129.295632981288,19957.89264191575,20087.782501315738,657846
2023-05-18 15:30:00+05:30,20137.686369382933,20253.364392201365,20025.27852001151,20190.455283270097,988251
2023-05-19 15:30:00+05:30,20247.258356145616,20384.937667263384,20192.867033838917,20252.06514798656,705965
2023-05-22 15:30:00+05:30,20225.59415250663,20299.79187464421,20077.87848958648,20276.57346216305,650723
2023-05-23 15:30:00+05:30,20363.02023087049,20400.758936316433,19914.327709982692,20015.647982674043,851305
2023-05-24 15:30:00+05:30,19965.69320568029,20092.50694418296,19866.196224042516,20053.09786132129,888259
2023-05-25 15:30:00+05:30,20016.83690970844,20212.704809210867,19999.302568330786,20057.115582922284,1019032
2023-05-26 15:30:00+05:30,19986.163086994038,20067.663821532748,19828.20706674272,20014.17479625298,977079
2023-05-29 15:30:00+05:30,19956.594994672192,20201.012272364085,19913.02762400828,20098.093150000997,911928
2023-05-30 15:30:00+05:30,20007.357050563103,20419.704207758325,19949.32831047026,20267.582975339727,963169
2023-05-31 15:30:00+05:30,20199.39724093987,20780.981429364434,20068.370613319086,20714.690947882886,776458
2023-06-01 15:30:00+05:30,20797.35565888832,20869.885546715956,20538.592334247835,20654.247548430598,949696
2023-06-02 15:30:00+05:30,20750.845631971624,20958.139333368938,20689.070331660998,20692.739772680856,780256
2023-06-05 15:30:00+05:30,20689.220482041736,20764.18832641339,20553.894107535594,20745.471985151693,784156
2023-06-06 15:30:00+05:30,20428.073016371767,20901.62505551607,20259.481481915424,20891.96287238471,1045243
2023-06-07 15:30:00+05:30,20920.507763558653,21147.929446705723,20810.948086658136,21070.76958333694,778455
2023-06-08 15:30:00+05:30,21100.15135697402,21134.86352225298,20822.825260120746,21006.84095060147,1022165
2023-06-09 15:30:00+05:30,21043.6459958508,21159.43451782158,20996.884045321534,21047.650794165744,958859
2023-06-12 15:30:00+05:30,21010.914265778843,21057.68374560837,20863.51862614385,20962.580081972133,527838
2023-06-13 15:30:00+05:30,20952.247174072687,21083.391865485017,20852.14861237835,20943.1572261062,990056
2023-06-14 15:30:00+05:30,20951.742953400746,21134.287517153803,20931.493186712447,20945.835097633528,909597
2023-06-15 15:30:00+05:30,20935.725805568225,21104.77465972844,20752.692561673874,20797.897013409398,958912
2023-06-16 15:30:00+05:30,20713.408588550345,20850.00490119584,20554.831591310314,20841.704946587968,979611
2023-06-19 15:30:00+05:30,20902.117214617752,21165.498362221933,20825.793749783028,21082.310378560527,822109
2023-06-20 15:30:00+05:30,21112.52966144638,21230.602799804692,20955.02769215059,21198.255277701817,834732
2023-06-21 15:30:00+05:30,21137.361311329118,21243.04200353831,20609.12654081901,20700.655762250066,940598
2023-06-22 15:30:00+05:30,20877.580941670454,21022.62010585625,20584.838991457513,20592.00136482234,989825
2023-06-23 15:30:00+05:30,20751.827860665122,20791.97220866751,20184.24665079918,20334.830056599192,749420
2023-06-26 15:30:00+05:30,20376.199954850617,20494.129048359624,20236.01371405102,20267.05380530152,649537
2023-06-27 15:30:00+05:30,20352.17468925449,20515.293657947954,20283.022800242805,20305.376897371065,1052607
2023-06-29 15:30:00+05:30,20249.40782940412,20598.061501136654,20203.78953249384,20451.23940826289,1132585
2023-06-30 15:30:00+05:30,20423.365227651648,20621.388324465614,20341.222259727037,20483.828641784676,802651
2023-07-03 15:30:00+05:30,20403.451377243447,20487.188148988276,20251.30456330275,20314.211695043377,520418
2023-07-04 15:30:00+05:30,20414.21258162586,20475.379417442367,20066.661292097586,20204.83295583059,828465
2023-07-05 15:30:00+05:30,20313.69783833694,20391.62341616008,20001.002168857216,20107.908344500447,732654
2023-07-06 15:30:00+05:30,20188.04029267175,20338.90535847889,20085.07219583374,20132.772651094525,1158678
2023-07-07 15:30:00+05:30,19921.224085998983,20425.248181950814,19907.67497837268,20272.97130565156,671458
2023-07-10 15:30:00+05:30,20322.682462770026,20413.38005385245,20170.134813664663,20404.78172057526,689678
2023-07-11 15:30:00+05:30,20481.57027582858,20592.780541214244,20288.605754998676,20342.11495257746,1026962
2023-07-12 15:30:00+05:30,20369.64070589448,20389.912516388955,20157.8600942907,20314.22695860993,872238
2023-07-13 15:30:00+05:30,20340.513325451102,20342.518381740367,20069.005352157692,20254.75395416343,629946
2023-07-14 15:30:00+05:30,20371.18761786129,20375.321028652248,20059.840360742062,20204.1110533066,671823
2023-07-17 15:30:00+05:30,20210.328227726,20219.21361952572,19977.069409343956,20140.436608835316,1068430
2023-07-18 15:30:00+05:30,20038.003076068053,20230.008873177667,19977.65021689062,20079.538518532714,1153484
2023-07-19 15:30:00+05:30,20160.72655690914,20315.552078928467,19987.511440863924,20276.337544160673,682654
2023-07-20 15:30:00+05:30,20280.748404970647,20447.933981323327,20223.417033222253,20274.057887533774,1026799
2023-07-21 15:30:00+05:30,20112.20205411389,20386.862793305427,20022.378989763532,20296.064779897963,999407
2023-07-24 15:30:00+05:30,20439.92912130384,20488.35964809977,19988.4975112065,20126.280586873585,691359
2023-07-25 15:30:00+05:30,20120.429372100607,20136.60618927618,19973.09472268904,20106.714333846954,654609
2023-07-26 15:30:00+05:30,20203.34747454069,20246.176330109727,20014.510081465494,20131.470738229953,1024592
2023-07-27 15:30:00+05:30,19948.852822615696,20219.33679964566,19888.654565180022,20097.732076930468,798313
2023-07-28 15:30:00+05:30,20194.681466353162,20281.00548369918,19978.103884367127,20073.939585905908,1022262
2023-07-31 15:30:00+05:30,19938.44738610963,20234.998219049186,19840.549827396866,20163.68765617705,807118
2023-08-01 15:30:00+05:30,20205.273769416846,20403.126353020736,20089.806345786597,20104.381691562932,1116453
2023-08-02 15:30:00+05:30,20086.94193185267,20165.07920107908,19980.37663436957,20122.147998375076,610226
2023-08-03 15:30:00+05:30,20060.55290733516,20320.35231047694,20058.989307038893,20123.09195255091,1046414
2023-08-04 15:30:00+05:30,20035.87703958904,20258.36858617238,19895.451181413333,20203.78067615111,763464
2023-08-07 15:30:00+05:30,20374.69673608146,20508.71973201883,20108.558069581275,20127.496497138745,547451
2023-08-08 15:30:00+05:30,20205.05739433036,20225.242710734892,19791.35864650269,19986.29646277014,826025
2023-08-09 15:30:00+05:30,20037.365661501666,20172.111582322246,19885.51821806257,20142.688868871945,759102
2023-08-10 15:30:00+05:30,20221.83267010631,20319.24341467981,20107.477245553902,20198.517758109374,1018304
2023-08-11 15:30:00+05:30,20284.507984569413,20392.257713737887,20225.89335514752,20288.391262655885,891271
2023-08-14 15:30:00+05:30,20317.38189575799,20355.845829228758,20204.900440567388,20321.628432995793,838856
2023-08-16 15:30:00+05:30,20309.283618342637,20426.690687908813,20125.30984173689,20182.491123658536,1043707
2023-08-17 15:30:00+05:30,20226.97974145853,20248.398677095378,19656.760846307323,19781.552401815356,718963
2023-08-18 15:30:00+05:30,19742.843516026922,19800.646145326595,19299.460097829986,19422.527974208715,1046223
2023-08-21 15:30:00+05:30,19438.890581308453,19525.38081634272,19276.084379032807,19505.939780538152,1095993
2023-08-22 15:30:00+05:30,19537.529605026506,19596.81771065113,19281.49687854204,19426.552558315183,721086
2023-08-23 15:30:00+05:30,19464.310304629038,19475.370224179347,19255.272922115084,19420.650893682585,973131
2023-08-24 15:30:00+05:30,19581.124580588905,19674.88809063254,19289.29002585993,19391.609344873854,792856
2023-08-25 15:30:00+05:30,19487.541152621274,19773.080663305293,19482.02730470661,19604.597966483478,1028309
2023-08-28 15:30:00+05:30,19693.25652383372,19758.680953382984,19533.662574969676,19651.150789430634,1090880
2023-08-29 15:30:00+05:30,19595.088369982343,19712.142790602524,19477.625699487522,19505.937444268886,630605
2023-08-30 15:30:00+05:30,19569.133752668098,19587.000261251294,19382.11813123316,19523.124870707634,772216
2023-08-31 15:30:00+05:30,19495.477579590577,19749.4074638028,19403.292800076186,19700.152792381665,567299
2023-09-01 15:30:00+05:30,19660.749315731973,19823.15644925205,19496.179723918507,19806.28461991269,1019540
2023-09-04 15:30:00+05:30,19781.33751635799,19802.79296921164,19631.220013032562,19801.55600471648,886475
2023-09-05 15:30:00+05:30,19873.763250762797,19951.11651788121,19728.672593222564,19937.9265924847,891341
2023-09-06 15:30:00+05:30,19848.926419367475,19901.979106126964,19708.14148031869,19868.615574322608,863189
2023-09-07 15:30:00+05:30,19861.279580154685,19927.03398540459,19706.82107472368,19793.6026107373,583841
2023-09-08 15:30:00+05:30,19878.54325432591,19922.957697955313,19560.59446162364,19722.3572202977,866597
2023-09-11 15:30:00+05:30,19696.94324396279,19819.825917662492,19553.15929545732,19798.183770934782,671436
2023-09-12 15:30:00+05:30,19847.707682280452,19907.302957399173,19738.941246759714,19838.955056045557,788232
2023-09-13 15:30:00+05:30,19727.459077790627,19788.08123962217,19542.270666085435,19781.493576631576,769792
2023-09-14 15:30:00+05:30,19686.609495922796,20110.24975759569,19652.83821166678,19928.223269660877,866646
2023-09-15 15:30:00+05:30,19879.49579373171,20004.298975775237,19815.88855271745,19889.475124391585,979299
2023-09-18 15:30:00+05:30,19831.16039666517,20036.249406023282,19730.04538386873,19985.712032741165,766552
2023-09-20 15:30:00+05:30,19971.95498080956,20212.41901808772,19926.46546943769,20103.763541557943,702814
2023-09-21 15:30:00+05:30,20093.03278093473,20175.205541739404,20000.210169060247,20126.560541364015,528447
2023-09-22 15:30:00+05:30,20104.3963798734,20190.091372647956,19912.855979570915,20016.818172720414,817987
2023-09-25 15:30:00+05:30,19833.410965002113,20127.278820451116,19761.879436971165,20030.82578610409,694296
2023-09-26 15:30:00+05:30,20038.126186528432,20132.384852433897,19933.897409384925,19980.58534890703,831695
2023-09-27 15:30:00+05:30,19909.79818009484,20095.731169656287,19888.514380215183,19914.613731012883,862352
2023-09-28 15:30:00+05:30,20089.311549373142,20151.681860915036,19868.863504558336,19943.594735235547,855538
2023-09-29 15:30:00+05:30,19834.123669611636,20009.937290122718,19741.116555224744,19960.611844799503,525964
2023-10-03 15:30:00+05:30,19864.25189107546,20072.495021084094,19812.33500421562,19924.070569738564,1155278
2023-10-04 15:30:00+05:30,19833.026908698957,20074.187490278055,19710.593019477878,19993.176363192426,950006
2023-10-05 15:30:00+05:30,19970.675912947972,20104.02927585576,19856.070327607435,20020.867343877435,727318
2023-10-06 15:30:00+05:30,20033.585691285694,20065.216378479727,19716.262890771068,19831.43317288711,608745
2023-10-09 15:30:00+05:30,19989.337672971888,20140.553804711697,19900.391553852616,20023.33315080843,1065394
2023-10-10 15:30:00+05:30,20218.77947751032,20360.92221420796,19976.61125758627,19981.699788939248,598130
2023-10-11 15:30:00+05:30,20008.883392889365,20200.253861181423,19889.43928260099,20137.344798659502,1096854
2023-10-12 15:30:00+05:30,20151.241039961227,20334.97980887055,20129.044287792454,20221.18684637193,651415
2023-10-13 15:30:00+05:30,20123.959369361462,20430.173043864528,20060.192877450623,20284.853786444804,804230
2023-10-16 15:30:00+05:30,20205.283826997842,20391.81806954703,20026.320982188026,20381.48798634353,792068
2023-10-17 15:30:00+05:30,20389.01743667549,20571.47052064948,20351.292556758348,20360.15539658167,826869
2023-10-18 15:30:00+05:30,20324.448127684813,20543.38769008472,20298.595467575044,20400.889914003765,983993
2023-10-19 15:30:00+05:30,20310.98160397096,20451.076336052098,20213.891239833287,20383.085776787066,640515
2023-10-20 15:30:00+05:30,20400.80577825568,20509.389586463356,20308.083656127863,20335.644160063992,827382
2023-10-23 15:30:00+05:30,20383.718397585617,20568.064831635278,20344.91677495062,20433.094704846513,948770
2023-10-25 15:30:00+05:30,20507.712823744492,20742.71605913923,20382.852011290615,20706.627632963566,866358
2023-10-26 15:30:00+05:30,20810.2828023575,20911.547192629983,20587.19473140871,20648.81216637721,863055
2023-10-27 15:30:00+05:30,20558.094166017072,20613.72709191833,20433.219550205013,20524.31686078812,686588
2023-10-30 15:30:00+05:30,20559.073534506744,20670.55103140819,20403.5748639213,20449.29942890673,841813
2023-10-31 15:30:00+05:30,20449.585179310096,20592.739287825585,20343.65013048249,20520.394944780033,712198
2023-11-01 15:30:00+05:30,20493.44225016593,20698.7996471995,20416.26921160157,20620.274141156307,614406
2023-11-02 15:30:00+05:30,20533.293410194572,20667.92357521472,20422.881765196707,20564.4716654075,818571
2023-11-03 15:30:00+05:30,20506.94845271343,20848.392458682352,20369.975726444543,20830.357874236128,816140
2023-11-06 15:30:00+05:30,20974.962027090878,21047.07139965405,20643.66844592313,20715.268063098683,613123
2023-11-07 15:30:00+05:30,20661.97226993168,20892.15771269963,20555.48389794571,20810.335807765347,1040556
2023-11-08 15:30:00+05:30,20936.03617892499,21124.247239845663,20932.050459844948,20967.887957954914,546002
2023-11-09 15:30:00+05:30,20958.7292073885,21043.86194339729,20273.044718347264,20340.153701437754,933784
2023-11-10 15:30:00+05:30,20289.653826347374,20454.206510387165,20155.49302283084,20186.035464486213,1158972
2023-11-13 15:30:00+05:30,20227.158299663628,20400.729590356696,20126.852552782817,20165.579631414475,1127058
2023-11-15 15:30:00+05:30,20044.62433611525,20292.42062688039,19913.334059352652,20214.299913586787,899098
2023-11-16 15:30:00+05:30,20193.041289342647,20228.476690343035,19952.309892032208,20102.570444361027,1094148
2023-11-17 15:30:00+05:30,20096.566381253346,20157.85420308725,19857.279588175425,19961.992976181373,883260
2023-11-20 15:30:00+05:30,20002.72162441476,20324.014720150626,19936.872017948524,20181.491376099042,884099
2023-11-21 15:30:00+05:30,20166.156053810613,20233.745634359082,19953.715469947903,20043.51997072132,830630
2023-11-22 15:30:00+05:30,20033.563131035567,20293.540323554265,19929.386774243478,20225.70889279364,1046519
2023-11-23 15:30:00+05:30,20104.854260500502,20252.403698273756,19949.995416324913,20240.0764882957,871950
2023-11-24 15:30:00+05:30,20241.884014988776,20656.279668532654,20188.7081946806,20554.44355056166,899370
2023-11-28 15:30:00+05:30,20519.004982416925,20679.925571373034,20377.968634565277,20663.714611525324,704994
2023-11-29 15:30:00+05:30,20665.565415282526,20826.83740443507,20600.137600025253,20697.51864692865,897737
2023-11-30 15:30:00+05:30,20590.738707536857,20695.299072299367,20538.450361437488,20606.83872533501,785463
2023-12-01 15:30:00+05:30,20570.234305505805,20749.5859968891,20446.00383183865,20721.45979142027,658046
2023-12-04 15:30:00+05:30,20673.019813121682,21311.61747124087,20670.765812416557,21107.55678915058,986671
2023-12-05 15:30:00+05:30,21107.976556446047,21206.327524849647,20990.73154006456,21041.5140087527,582032
2023-12-06 15:30:00+05:30,21048.18336807279,21146.173414835965,20793.530454580814,20900.678803028684,811786
2023-12-07 15:30:00+05:30,20885.275460342087,21157.14901022103,20880.684328077237,20995.771519653244,984024
2023-12-08 15:30:00+05:30,20870.625515990865,20982.811963303207,20735.77217710462,20969.545911210087,673492
2023-12-11 15:30:00+05:30,20999.137180132402,21282.58765478347,20930.701151738012,21205.266340566563,915112
2023-12-12 15:30:00+05:30,21256.635969741936,21426.711007583912,21051.443355335698,21080.52284878938,1120909
2023-12-13 15:30:00+05:30,20985.178170275063,21147.005474751302,20977.016109449447,21006.960332474155,636866
2023-12-14 15:30:00+05:30,20951.772354778917,21146.77916564537,20904.626773139214,21039.003213772885,712042
2023-12-15 15:30:00+05:30,21116.029919136407,21194.766892256674,21006.986063291497,21072.158750648003,652385
2023-12-18 15:30:00+05:30,21065.83999696931,21632.28044085846,20988.408149363964,21507.59423880205,852647
2023-12-19 15:30:00+05:30,21675.522314780934,21812.203968737947,21431.33541094308,21476.3616196663,791619
2023-12-20 15:30:00+05:30,21501.87411181467,21717.537609554074,21481.07932642648,21485.560029557142,1083519
2023-12-21 15:30:00+05:30,21466.654811597502,21949.723226695773,21442.041942789005,21757.71508140325,814333
2023-12-22 15:30:00+05:30,21833.78593727487,22072.27455405837,21823.94936871402,21901.269337498998,699723
2023-12-26 15:30:00+05:30,21876.456581261158,22181.381395064534,21812.32359888511,22046.385673238037,686733
2023-12-27 15:30:00+05:30,22019.674434294477,22089.94790815765,21598.063728369518,21703.632368976254,600254
2023-12-28 15:30:00+05:30,21553.270790154435,21647.709081141213,21373.53564950854,21612.597593362294,1050927
2023-12-29 15:30:00+05:30,21666.73306331648,21735.552202203926,21512.71746341719,21691.492447431952,1069898
2024-01-01 15:30:00+05:30,21682.963786942775,21755.32936066189,21443.52566168432,21582.812277910056,1062406
2024-01-02 15:30:00+05:30,21614.496943846007,22133.69936732458,21572.91487284031,21961.98633004812,1124893
2024-01-03 15:30:00+05:30,22039.25708697055,22106.36543465893,21708.778595208903,21815.494044666535,573818
2024-01-04 15:30:00+05:30,22024.7753356361,22109.360491693424,21860.55560488137,21953.74134980167,724140
2024-01-05 15:30:00+05:30,22089.98494581098,22115.57173074019,21863.19018181448,22009.30888344281,593426
2024-01-08 15:30:00+05:30,22009.011087375777,22126.399324179918,21879.000429818487,22064.438859386482,865375
2024-01-09 15:30:00+05:30,22030.273497978797,22119.01367108799,21900.37402637235,22093.483795619428,621923
2024-01-10 15:30:00+05:30,22120.13738801506,22229.02354652633,21861.935594700255,21960.25064937788,667734
2024-01-11 15:30:00+05:30,21869.359426895237,21912.6929327959,21734.0227811545,21870.70043465774,1018894
2024-01-12 15:30:00+05:30,21888.7822246038,22300.033227795695,21852.401145316224,22140.752055195662,821860
2024-01-15 15:30:00+05:30,22177.193545136033,22276.997860129984,22078.67914637321,22142.048290418057,564417
2024-01-16 15:30:00+05:30,22166.310332372108,22431.602394286612,22102.050311346924,22337.70505137936,828495
2024-01-17 15:30:00+05:30,22415.068685627397,22684.326455482984,22356.392199846934,22512.753970845526,879395
2024-01-18 15:30:00+05:30,22550.390457709254,22687.96849528101,22485.037283649926,22597.016450883337,926985
2024-01-19 15:30:00+05:30,22735.88369640141,22763.156637334152,22171.38709143149,22375.116277084217,1014610
2024-01-22 15:30:00+05:30,22564.27790458393,22695.075144337956,22107.070853713907,22172.54284112319,642041
2024-01-23 15:30:00+05:30,22179.546360394237,22201.38726292657,21891.36674342776,22084.69230664217,1044879
2024-01-24 15:30:00+05:30,21948.060665967485,22012.041205637226,21768.681908226743,21899.973837283313,948932
2024-01-25 15:30:00+05:30,21845.73949608731,21925.577242500272,21652.40395567048,21745.388941892714,658094
2024-01-29 15:30:00+05:30,21694.10016536963,21777.93262849343,21455.345479047806,21525.48473086534,665776
2024-01-30 15:30:00+05:30,21442.946175392684,21543.199047131755,21267.07080347535,21517.1443283197,685492
2024-01-31 15:30:00+05:30,21565.02101134914,21726.042976777524,21458.055070532813,21496.591740082473,675014
2024-02-01 15:30:00+05:30,21434.867321611742,21600.044998476973,21426.283791210368,21442.901502543067,665832
2024-02-02 15:30:00+05:30,21398.510622269485,21578.74521865321,21278.717180793312,21489.335812917336,1161150
2024-02-05 15:30:00+05:30,21522.536021786505,21633.861370764043,21470.64571955493,21528.995305335622,673484
2024-02-06 15:30:00+05:30,21550.92434200692,21564.911665576135,21160.385234047273,21305.990686161727,900668
2024-02-07 15:30:00+05:30,21308.912590685093,21394.777680453328,20949.059753923488,21079.72343684375,1037112
2024-02-08 15:30:00+05:30,21099.814676560753,21182.790821160313,20811.80799569419,20944.887787238415,1199038
2024-02-09 15:30:00+05:30,20881.260432228464,21209.377364393953,20811.788431255856,21067.99507747358,691376
2024-02-12 15:30:00+05:30,21141.271634618166,21230.18435962302,21010.82001764895,21117.95587926409,911817
2024-02-13 15:30:00+05:30,21047.19079090385,21102.704065260117,20661.652982206615,20804.744015259133,1108948
2024-02-14 15:30:00+05:30,20851.63032114325,20939.628499499875,20740.09525403922,20817.97981460652,1006584
2024-02-15 15:30:00+05:30,20686.00088732281,20980.758287561093,20613.480574185756,20874.15535442523,710257
2024-02-16 15:30:00+05:30,20870.809584484734,21004.09144892475,20797.212953998787,20823.260259456107,564154
2024-02-19 15:30:00+05:30,20914.4408598819,20948.963535902236,20355.86782843473,20528.062726010543,1113776
2024-02-20 15:30:00+05:30,20615.582074890768,20639.16281977729,20451.5310795928,20585.71495685269,986234
2024-02-21 15:30:00+05:30,20505.668015551,20738.098467073003,20409.37171352733,20650.31495438514,830099
2024-02-22 15:30:00+05:30,20655.93383519861,20781.582634315135,20413.820353265717,20486.253130215442,937272
2024-02-23 15:30:00+05:30,20546.9215038466,20661.992282938114,20468.18551752922,20577.539274222538,860289
2024-02-26 15:30:00+05:30,20537.861103872216,20796.054928452442,20535.326529508402,20646.492438848218,791242
2024-02-27 15:30:00+05:30,20554.402191677873,20650.86340288907,20411.030139232927,20631.773860456975,806223
2024-02-28 15:30:00+05:30,20536.458210514782,20581.991909272507,20267.5107446258,20411.203551586237,928877
2024-02-29 15:30:00+05:30,20466.936442326783,20578.430920388862,20352.586893089087,20416.63928766302,996236
2024-03-01 15:30:00+05:30,20554.67196135539,20701.402587481076,20390.451688976304,20438.6773591098,1024698
2024-03-04 15:30:00+05:30,20579.64468249604,20668.842190684012,20218.435567298595,20315.327651226038,755326
2024-03-05 15:30:00+05:30,20347.137259201692,20406.539736557792,20179.50331659788,20404.64131282532,754641
2024-03-06 15:30:00+05:30,20424.063428676658,20917.509563335072,20423.26736158513,20775.237462746354,710136
2024-03-07 15:30:00+05:30,20681.854876796177,21045.86187654607,20647.636711286465,20926.738313712656,832463
2024-03-11 15:30:00+05:30,20833.687860491234,21374.11326003779,20736.936573741466,21269.733441615685,851942
2024-03-12 15:30:00+05:30,21327.090654067608,21472.41903810535,21305.038504412725,21329.360342451604,968422
2024-03-13 15:30:00+05:30,21335.204147093762,21411.607496314547,21253.66092031168,21331.508018516866,699175
2024-03-14 15:30:00+05:30,21279.236111493225,21448.84638498393,21167.319461431798,21399.430147317682,860923
2024-03-15 15:30:00+05:30,21256.18939526328,21619.046506029033,21219.271908150542,21502.583212757825,820568
2024-03-18 15:30:00+05:30,21693.614581679656,21747.898653234137,21203.85806443099,21375.369585587694,1050554
2024-03-19 15:30:00+05:30,21357.14712769246,21998.85084429459,21352.295641563644,21809.811706584027,734539
2024-03-20 15:30:00+05:30,21773.740933622626,21801.55153244864,21614.16692835032,21768.976005525576,704168
2024-03-21 15:30:00+05:30,21826.350829128038,21967.963731833574,21776.099392302098,21846.060945522608,806213
2024-03-22 15:30:00+05:30,21848.538507104866,21852.78782814345,21490.979853865883,21653.82391699551,608712
2024-03-26 15:30:00+05:30,21568.940757872948,21889.36963534499,21450.08426955173,21837.934522448573,630502
2024-03-27 15:30:00+05:30,21913.731167663012,22224.852239247826,21853.95563174776,22051.649550762697,891965
2024-03-28 15:30:00+05:30,21742.006255057408,22629.933027181076,21721.574151142933,22416.832772234455,1119580
2024-04-01 15:30:00+05:30,22441.19422490814,22599.107517052336,22306.193973972167,22351.942158146565,1089385
2024-04-02 15:30:00+05:30,22413.560944633296,22680.690958354433,22305.91233778769,22579.01793645413,976313
2024-04-03 15:30:00+05:30,22727.093474120396,22818.724265917062,22630.614247775466,22734.57133793264,667941
2024-04-04 15:30:00+05:30,22741.176023974065,22869.055316202805,22536.917870198464,22628.774783370332,1190680
2024-04-05 15:30:00+05:30,22492.182048420284,22655.449309451615,22395.098345600378,22534.213223694183,860826
2024-04-08 15:30:00+05:30,22483.715548047083,22767.646160849676,22361.38242568892,22665.737038234143,905575
2024-04-09 15:30:00+05:30,22745.7523454756,22812.157137846913,22448.552323086144,22600.024119656617,1054874
2024-04-10 15:30:00+05:30,22635.48903892314,22647.027209966665,22252.4725526043,22453.96397940146,1021873
2024-04-12 15:30:00+05:30,22548.142331887775,22597.291351721808,22329.004699708203,22451.031265961552,809118
2024-04-15 15:30:00+05:30,22506.309212180837,22902.063566600762,22466.087907355795,22730.22143235864,917697
2024-04-16 15:30:00+05:30,22749.93846013917,22834.962498337754,22513.28486122662,22591.63633077015,610796
2024-04-18 15:30:00+05:30,22650.190101639917,22872.90081783994,22576.5831826762,22772.69254535389,866535
2024-04-19 15:30:00+05:30,22837.826355327503,22950.4955100204,22755.044906016417,22803.118923015372,927762
2024-04-22 15:30:00+05:30,22720.265469234582,22936.72962249988,22684.965969362245,22751.433505147153,847313
2024-04-23 15:30:00+05:30,22828.9015587513,23033.89404862612,22735.264462828498,22745.204714335763,812828
2024-04-24 15:30:00+05:30,22682.81671771528,22897.197323319633,22527.79131808232,22537.291946912268,800111
2024-04-25 15:30:00+05:30,22639.32489828328,22889.011030243633,22580.461089516735,22733.60830659642,665957
2024-04-26 15:30:00+05:30,22529.184455883493,22796.648057898696,22517.675262987028,22572.423437500333,719685
2024-04-29 15:30:00+05:30,22501.755384084852,22765.377262522554,22333.756255359807,22751.123849752363,1032444
2024-04-30 15:30:00+05:30,22816.309343581994,22999.258992624877,22672.75211967786,22985.691713884058,512504
2024-05-02 15:30:00+05:30,23034.81206145633,23085.882725988376,22824.168799747287,22966.140068607776,690837
2024-05-03 15:30:00+05:30,22907.675220891844,23808.23632175284,22902.268956745098,23633.02572116903,780270
2024-05-06 15:30:00+05:30,23817.371851371743,23924.1444245871,23510.885178030847,23642.13452101477,1047477
2024-05-07 15:30:00+05:30,23734.51597099562,23804.55572762162,23356.250458682596,23525.322803339754,1086350
2024-05-08 15:30:00+05:30,23686.354567986982,23994.86385308778,23655.974424080825,23830.506802765703,885567
2024-05-09 15:30:00+05:30,23940.55460253151,23992.802552974536,23299.211051584785,23427.58990083025,710868
2024-05-10 15:30:00+05:30,23533.53572892229,23704.932047567116,23291.965384713872,23326.24504553742,929352
2024-05-13 15:30:00+05:30,23383.39879219092,23470.163228605506,23216.57024426964,23405.81975024445,1155983
2024-05-14 15:30:00+05:30,23296.25697746692,23646.015241312183,23283.199553017672,23487.388663420043,661403
2024-05-15 15:30:00+05:30,23501.843136414842,23795.257642223816,23359.932769378585,23707.069173945183,1095952
2024-05-16 15:30:00+05:30,23735.471947448794,23920.709132186046,23682.15899706021,23724.67688585774,814379
2024-05-17 15:30:00+05:30,23866.172021211532,23888.182580542652,23320.06466778976,23462.950592764682,774678
2024-05-21 15:30:00+05:30,23625.915614058285,23711.36288610437,23396.469552945848,23540.503434362636,995656
2024-05-22 15:30:00+05:30,23410.89274134039,23604.355095719708,23299.586154989887,23527.029400687752,993698
2024-05-23 15:30:00+05:30,23612.714384602117,23774.856306345624,23510.927025025583,23566.74561317204,814524
2024-05-24 15:30:00+05:30,23634.905428560076,24076.842306696293,23577.71655157637,23959.90510688352,917234
2024-05-27 15:30:00+05:30,24024.326433563412,24173.95088156589,23946.461051110473,24061.507483081896,739122
2024-05-28 15:30:00+05:30,24098.531642003534,24215.133453240865,23993.6853612254,24133.438625270606,1007615
2024-05-29 15:30:00+05:30,24076.042330043038,24124.001331489268,23808.031865391502,23971.78710715776,891013
2024-05-30 15:30:00+05:30,24076.804737820756,24176.377563028338,23889.510463525072,24138.701020786608,742679
2024-05-31 15:30:00+05:30,24019.388799242934,24364.751740410407,23994.36664078398,24160.54370935499,919737
2024-06-03 15:30:00+05:30,24162.32566197139,24381.31996641283,24021.615069742045,24305.88460221305,1070753
2024-06-04 15:30:00+05:30,24359.576970894283,24456.771429383294,24283.592255963104,24365.964621590818,542194
2024-06-05 15:30:00+05:30,24174.989077546532,24437.964722326346,24095.609192442094,24338.30809389164,787821
2024-06-06 15:30:00+05:30,24618.628624782727,24694.708770851772,24088.35494773162,24233.327679920516,985645
2024-06-07 15:30:00+05:30,24020.49002702713,24786.34724594271,24011.7248222076,24616.669690062787,678872
2024-06-10 15:30:00+05:30,24663.62084546914,24697.382156084102,23848.32419100072,23985.692389395932,665312
2024-06-11 15:30:00+05:30,24018.265628723588,24134.775994805816,23893.788395637654,24057.387799657597,940090
2024-06-12 15:30:00+05:30,24215.25597170013,24234.191198557124,23714.933383283285,23909.934877738666,869524
2024-06-13 15:30:00+05:30,24054.78126165967,24215.731153313904,23942.559454061695,24012.969965113167,1105362
2024-06-14 15:30:00+05:30,23852.48435300743,24047.56337315664,23561.70027103371,23606.4675639436,984003
2024-06-18 15:30:00+05:30,23618.941401421434,23927.739855453066,23534.967531921357,23803.527292744457,841586
2024-06-19 15:30:00+05:30,23870.97607510634,24033.619129586063,23838.266387322168,23881.332909937977,650829
2024-06-20 15:30:00+05:30,24032.2793295219,24038.597045837414,23403.001529193087,23617.15009321768,915854
2024-06-21 15:30:00+05:30,23508.119316769047,23694.453048079533,23180.438647296927,23233.9335366058,729033
2024-06-24 15:30:00+05:30,23303.340456089558,23329.10225577873,23018.21702255553,23234.429135754384,1176661
2024-06-25 15:30:00+05:30,23330.096980410188,23410.878500535284,22858.777456742606,23022.054276998108,868892
2024-06-26 15:30:00+05:30,23030.577733247297,23255.047579732527,22902.090468325583,22921.94922094181,1131991
2024-06-27 15:30:00+05:30,22960.07710312204,23111.04608447027,22876.879381803985,23026.36723219047,549867
2024-06-28 15:30:00+05:30,23021.278656943006,23087.307059084076,22766.517763006115,22894.361867484004,623862
2024-07-01 15:30:00+05:30,22825.184423755465,23146.702658436097,22766.815489760815,23006.415210094077,957059
2024-07-02 15:30:00+05:30,22931.542806420843,23253.410902098076,22800.476370408673,23153.358700226177,958217
2024-07-03 15:30:00+05:30,23140.08203270166,23206.513485987976,22960.671503028167,23145.9880782876,744325
2024-07-04 15:30:00+05:30,23004.343441505895,23532.890673872273,23000.259792993427,23360.762807227646,615570
2024-07-05 15:30:00+05:30,23291.542912974033,23622.384625275834,23072.938583684117,23594.80577271578,813720
2024-07-08 15:30:00+05:30,23640.779441828403,23735.446224181986,23438.588088102395,23527.218770099298,709689
2024-07-09 15:30:00+05:30,23408.68730538549,23595.679759021506,23282.250030551837,23332.541781461554,869172
2024-07-10 15:30:00+05:30,23291.31058045901,23303.473039430057,22678.455960483476,22870.540518725295,841419
2024-07-11 15:30:00+05:30,23015.556955670774,23145.57341948049,22717.243001951818,22744.47730730162,760362
2024-07-12 15:30:00+05:30,22707.265312254014,22732.051905664408,22485.810421457187,22636.5903202781,965749
2024-07-15 15:30:00+05:30,22606.89447825725,22709.782086467625,22318.027431768016,22453.291785373098,1187087
2024-07-16 15:30:00+05:30,22428.140694430796,22593.58965396425,22328.992130213443,22494.10674178781,949329
2024-07-18 15:30:00+05:30,22474.061386402154,22629.560937577025,22321.940348070602,22326.648511542062,923316
2024-07-19 15:30:00+05:30,22377.097700127528,22499.033198985522,22187.222126235745,22263.263674042515,945935
2024-07-22 15:30:00+05:30,22174.729558679912,22342.868196172545,22074.63535838001,22222.501437579805,1140818
2024-07-23 15:30:00+05:30,22309.99996150488,22356.99217230476,22031.218809793285,22139.009566362958,537707
2024-07-24 15:30:00+05:30,22174.772103085787,22292.794425525382,21926.2047931362,22040.024170016844,953934
2024-07-25 15:30:00+05:30,22067.989247709458,22094.91714965782,21777.905255755075,21948.294129652622,896165
2024-07-26 15:30:00+05:30,21952.03413413018,22060.432100107202,21836.649629054635,21884.174198185672,680779
2024-07-29 15:30:00+05:30,22031.220422377122,22032.632864391668,21615.891652307655,21795.15192931632,825748
2024-07-30 15:30:00+05:30,21859.49274719111,21927.849579595975,21655.74897334288,21777.403326689182,964045
2024-07-31 15:30:00+05:30,21837.64205403903,21963.660641871502,21530.66363794034,21591.118278521633,802596
2024-08-01 15:30:00+05:30,21540.693333243697,21784.668785946225,21365.68593532232,21767.36632448264,627562
2024-08-02 15:30:00+05:30,21890.185550715236,21990.562342006342,21736.620977343246,21794.585700980493,816027
2024-08-05 15:30:00+05:30,21998.556947083227,22137.929641392035,21758.90739391267,21851.564453075025,786815
2024-08-06 15:30:00+05:30,21818.676049361515,21990.094646480866,21786.814203564572,21845.090618181104,845853
2024-08-07 15:30:00+05:30,21748.18887777579,21896.8541043775,21693.182966466862,21738.425190950366,795510
2024-08-08 15:30:00+05:30,21861.49000364377,22004.96922364437,21280.61817366365,21364.931396986074,848001
2024-08-09 15:30:00+05:30,21391.42541988234,21482.981770596078,21150.91538711433,21226.815430594837,595696
2024-08-12 15:30:00+05:30,21268.965611076266,21465.12375000742,21129.067116505445,21430.906383489877,602600
2024-08-13 15:30:00+05:30,21471.659962754908,21497.174734886834,21337.023225906614,21462.495764344025,579993
2024-08-14 15:30:00+05:30,21636.45391344745,21646.60942838282,21308.684457187504,21482.52222176504,927362
2024-08-16 15:30:00+05:30,21623.277256930876,21833.39263527685,21477.962252137433,21496.865897217263,732469
2024-08-19 15:30:00+05:30,21825.529120066236,22028.47348006717,21633.561779151063,21650.79663021341,1184208
2024-08-20 15:30:00+05:30,21670.649009829853,21799.204503633682,21408.16008256399,21474.703724379702,854348
2024-08-21 15:30:00+05:30,21602.33656032271,21745.553783355936,21465.99926497207,21691.941546507045,782237
2024-08-22 15:30:00+05:30,21702.693152780706,21812.437199065433,21516.452104227017,21809.14332368121,614370
2024-08-23 15:30:00+05:30,21805.734385213644,21957.035615796107,21575.726497213775,21591.68155153186,950741
2024-08-26 15:30:00+05:30,21656.487796394904,21740.376754166606,21440.101625529118,21552.20203138024,901010
2024-08-27 15:30:00+05:30,21531.987831030045,21686.750006641487,21390.387758529432,21440.640442863903,836838
2024-08-28 15:30:00+05:30,21459.506407071407,21631.430280485445,21335.24542915459,21599.92871388921,848272
2024-08-29 15:30:00+05:30,21765.68527814835,21931.77149904218,21647.426423004454,21698.47999649871,995841
2024-08-30 15:30:00+05:30,21592.217879035135,21847.653649063377,21557.625952411323,21715.456285735803,682416
2024-09-02 15:30:00+05:30,21786.838391856723,22033.768373367595,21679.473577190925,21974.12289278135,774745
2024-09-03 15:30:00+05:30,21927.272948993897,22235.455240472522,21851.276762554382,22105.356465747347,751226
2024-09-04 15:30:00+05:30,22239.047373182082,22462.160913328946,22146.641701141358,22396.886596947825,703954
2024-09-05 15:30:00+05:30,22287.808387120043,22410.83415122471,22185.971693653417,22309.528859239017,932338
2024-09-06 15:30:00+05:30,22074.4801976185,22249.726946325594,21975.99799554305,22164.904673637317,972022
2024-09-09 15:30:00+05:30,22036.966249732246,22392.36068141559,21835.466894773974,22370.507292180722,683943
2024-09-10 15:30:00+05:30,22231.727198577766,22264.272225753328,21951.4096640448,22104.714959538807,595570
2024-09-11 15:30:00+05:30,22048.57399959553,22233.9766746143,22017.615892926722,22064.981935200733,770972
2024-09-12 15:30:00+05:30,21939.65457654349,22094.8668604903,21853.55755963354,22013.609851111563,785057
2024-09-13 15:30:00+05:30,22051.634637728846,22090.346099412483,21753.58094601139,21910.847699482496,827551
2024-09-16 15:30:00+05:30,21794.096208030624,21835.699490732946,21599.331679360403,21724.75050793283,548650
2024-09-17 15:30:00+05:30,21756.48818787217,21890.993876481636,21637.74448328498,21804.470058665192,710731
2024-09-18 15:30:00+05:30,21726.282445113557,21875.525381310996,21599.930209260412,21771.219634901787,785485
2024-09-19 15:30:00+05:30,21897.163453159996,22038.71965622331,21675.871275229198,22037.955955005677,1055870
2024-09-20 15:30:00+05:30,22022.549486673062,22059.80449035775,21605.159767292436,21757.488123895004,1002690
2024-09-23 15:30:00+05:30,21695.208915104427,21914.779433921067,21659.884723936793,21749.08703771073,947495
2024-09-24 15:30:00+05:30,21772.99338377788,22065.005171072262,21652.31005282427,21979.147695413685,783754
2024-09-25 15:30:00+05:30,21808.841690798356,21947.768200624378,21645.92659581019,21680.698617480342,684769
2024-09-26 15:30:00+05:30,21722.18282596227,21818.591662523628,21436.999786131455,21493.97316636761,891942
2024-09-27 15:30:00+05:30,21420.547743958545,21672.94940814646,21263.483305094964,21599.3901301821,1289090
2024-09-30 15:30:00+05:30,21588.857776143057,21751.476100841046,21504.590224924166,21618.613548399866,962060
2024-10-01 15:30:00+05:30,21624.648104729236,21722.811780291373,21529.189462252074,21614.035076936296,907545
2024-10-03 15:30:00+05:30,21694.301105801194,21785.702430060133,21468.788134124166,21558.388181753377,938594
2024-10-04 15:30:00+05:30,21538.427874470548,22214.28156207026,21385.7460536838,22186.33041222103,639972
2024-10-07 15:30:00+05:30,22146.940984231467,22376.589104566716,22109.475955415208,22186.346241741106,1192506
2024-10-08 15:30:00+05:30,22031.204529991443,22282.453356125603,21455.067870455343,21509.195445840654,982352
2024-10-09 15:30:00+05:30,21652.838932869523,21751.940994669647,21072.956914779665,21381.255880384724,850833
2024-10-10 15:30:00+05:30,21240.743744026964,21329.079752074,20651.373364622395,20959.655664387243,1258643
2024-10-11 15:30:00+05:30,20598.064016371827,21122.94211153395,20281.579591562157,21033.880329422354,898907
2024-10-14 15:30:00+05:30,21348.64114674532,21441.073816073436,20961.20416276038,21226.680194503337,630374
2024-10-15 15:30:00+05:30,21091.248009588875,21137.423177398374,20721.306936984078,21029.385993429947,1111676
2024-10-16 15:30:00+05:30,20950.44552435743,21275.23008976806,20832.662117103286,21116.153941263263,698274
2024-10-17 15:30:00+05:30,21208.61273631893,21340.922952082983,21006.78896962123,21234.113165920484,1024524
2024-10-18 15:30:00+05:30,21285.84914914241,22127.17219535132,21241.0047813083,21763.574747231254,925421
2024-10-21 15:30:00+05:30,21775.75760033501,21850.234741544024,20963.01616717831,21244.70629182394,792778
2024-10-22 15:30:00+05:30,21261.19531026554,21499.709110786327,21012.742875446915,21481.06114754883,818864
2024-10-23 15:30:00+05:30,21430.09845952085,21879.254695624742,21354.293831246305,21681.996359157863,856467
2024-10-24 15:30:00+05:30,21476.35662254009,22011.26871089518,21346.97231271083,21778.0434783964,658460
2024-10-25 15:30:00+05:30,21983.38080753522,22083.91578352574,21812.833649056764,21894.612517230435,907701
2024-10-28 15:30:00+05:30,22045.041792522465,22066.008328133274,21375.22422562473,21548.65839005127,1129614
2024-10-29 15:30:00+05:30,21535.554215495926,21617.38182692049,21281.28692990008,21369.597847167053,699382
2024-10-30 15:30:00+05:30,21345.895525864362,21347.801423816793,21109.170394922545,21311.77375466334,643553
2024-10-31 15:30:00+05:30,21316.099460458478,21357.84467435416,20751.838604243938,20920.393031128187,1034332
2024-11-04 15:30:00+05:30,20794.647112637875,21180.991528305913,20738.698982402846,21025.386701685267,714873
2024-11-05 15:30:00+05:30,21212.524533589294,21395.12511868199,20975.833831754157,20982.65338505088,863827
2024-11-06 15:30:00+05:30,20871.389592801374,21184.852658572403,20761.285615339344,21104.93819453341,1089108
2024-11-07 15:30:00+05:30,21215.807965842145,21245.975597910045,20534.210315903198,20686.63572450266,797918
2024-11-08 15:30:00+05:30,20680.418848089357,20871.915618992913,20582.37927209486,20585.59167405186,791379
2024-11-11 15:30:00+05:30,20330.22650571236,20690.338330742958,20214.340400142482,20614.458117586913,713812
2024-11-12 15:30:00+05:30,20608.697331888263,20621.237932407104,20355.773282655846,20545.592049603954,689439
2024-11-13 15:30:00+05:30,20634.152825893256,20658.637708646962,20069.492150284626,20190.142207789282,623071
2024-11-14 15:30:00+05:30,20107.264542009598,20145.577174716844,19865.580421824285,20021.200640353647,957724
2024-11-18 15:30:00+05:30,20034.147183174697,20189.385211103374,20022.12302528993,20039.921883779803,848221
2024-11-19 15:30:00+05:30,20094.5099808019,20143.699725123366,19870.88548377488,20029.940232355144,1229692
2024-11-20 15:30:00+05:30,19997.68481568875,20352.85943155748,19861.402019867885,20318.43748805922,669428
2024-11-21 15:30:00+05:30,20339.681098835965,20402.43075206864,20106.052915617114,20242.500621443203,679174
2024-11-22 15:30:00+05:30,20079.04992845724,20487.43441861846,19963.718186263024,20423.048019424932,1109423
2024-11-25 15:30:00+05:30,20467.2637106738,20618.592484597117,20323.96526946098,20597.801575833244,984970
2024-11-26 15:30:00+05:30,20380.54497855494,20673.880377480386,20290.460698993742,20556.016351384937,830646
2024-11-27 15:30:00+05:30,20676.792262152303,20788.156236887495,20522.801916112316,20554.27867897882,876092
2024-11-28 15:30:00+05:30,20408.611611151362,20542.5794402939,20308.96070365026,20492.316788317712,720478
2024-11-29 15:30:00+05:30,20556.466562076683,20822.293457653774,20529.32538716931,20667.007279965434,765215
2024-12-02 15:30:00+05:30,20465.51024898818,20782.213809992136,20349.941708205515,20711.504174734986,881119
2024-12-03 15:30:00+05:30,20623.362127490283,20871.097065645223,20497.790097740315,20799.21093554163,727129
2024-12-04 15:30:00+05:30,20908.752067299527,21104.385184638806,20800.716183999968,21030.53447183845,1055483
2024-12-05 15:30:00+05:30,21130.544633293324,21191.80690895172,20597.565191705176,20744.471130050373,831299
2024-12-06 15:30:00+05:30,20639.538806637986,21028.653903842423,20628.680175881313,20862.882463966973,862394
2024-12-09 15:30:00+05:30,20995.43822018376,21206.09236327704,20920.42820496744,21061.90557899736,1149800
2024-12-10 15:30:00+05:30,20979.8736242595,21191.011153496955,20893.966657628785,21099.967860691944,662468
2024-12-11 15:30:00+05:30,21134.267208972626,21198.338717402807,20801.491805005648,20930.384003543044,710961
2024-12-12 15:30:00+05:30,20942.748701453624,21120.642329800932,20798.517193321743,21075.882041877765,1119956
2024-12-13 15:30:00+05:30,21033.116594277635,21208.075479026964,20816.475569140526,20864.49884635581,745003
2024-12-16 15:30:00+05:30,20963.38962172691,21021.35847636434,20800.492943060017,20928.746215142197,1097871
2024-12-17 15:30:00+05:30,20936.199268796816,21152.755602474976,20900.066362891164,20969.426595283596,979845
2024-12-18 15:30:00+05:30,21236.198021414646,21460.690701131083,20832.22208130024,20880.69789750115,805137
2024-12-19 15:30:00+05:30,20918.298592048704,20925.35706463193,20326.502311325705,20656.967349291106,760472
2024-12-20 15:30:00+05:30,20855.01120885852,21022.522769535157,20703.655991139043,20838.934290731693,774821
2024-12-23 15:30:00+05:30,21169.241155541677,21223.457883667437,20349.620579605093,20561.159271711516,824820
2024-12-24 15:30:00+05:30,20590.6130382921,20927.670092147255,20556.590915196663,20676.08098279368,546363
2024-12-26 15:30:00+05:30,20633.915362628326,20703.10530791719,20316.066640366338,20570.628952820025,849780
2024-12-27 15:30:00+05:30,20665.893323904656,21371.63193483022,20596.88427376267,21220.34777766464,1044054
2024-12-30 15:30:00+05:30,21304.11176088571,21506.521500989536,21279.265508832723,21310.17227290309,860463
2024-12-31 15:30:00+05:30,21323.428598225382,21407.528740453756,21130.597876022664,21395.459291274583,724847
2025-01-01 15:30:00+05:30,21470.026482082634,21500.544608598102,21218.477359497552,21338.11895915208,935505
2025-01-02 15:30:00+05:30,21292.525158171826,21795.260489274067,21270.813646926475,21591.34267114121,810106
2025-01-03 15:30:00+05:30,21470.03813607204,21639.05245426529,21314.416953412267,21615.546446822602,799415
2025-01-06 15:30:00+05:30,21728.606631144547,21800.366490773402,21585.984049274135,21735.846258564256,869427
2025-01-07 15:30:00+05:30,21803.87524543798,22050.03108096523,21639.389920412592,22011.451961420375,625862
2025-01-08 15:30:00+05:30,21980.19884746059,21983.56135297607,21783.120086994015,21928.26551222276,534299
2025-01-09 15:30:00+05:30,21775.446690982157,21782.090598007773,21551.643563606503,21747.420812471166,693580
2025-01-10 15:30:00+05:30,21883.38393997816,21985.87037873035,21718.910231315025,21821.835814831662,796487
2025-01-13 15:30:00+05:30,21818.859206310884,21845.1874310352,21617.2873394119,21805.72005748558,1216661
2025-01-14 15:30:00+05:30,21779.168544086835,21860.29685286811,21604.427602299034,21825.082316082066,791375
2025-01-15 15:30:00+05:30,21788.82442670137,21858.082658135256,21673.468434236565,21777.22164577171,740371
2025-01-16 15:30:00+05:30,21856.793760097476,22171.144546224958,21708.35015830916,22135.354077310214,859818
2025-01-17 15:30:00+05:30,22278.78328937655,22474.23016867519,22232.19677153505,22265.374468600065,789084
2025-01-20 15:30:00+05:30,22304.92417129675,22426.274793909866,22217.421133856453,22356.87706679299,642833
2025-01-21 15:30:00+05:30,22368.541964487355,22387.87092674764,22122.001365634478,22326.35705747952,983490
2025-01-22 15:30:00+05:30,22328.01397556798,22425.40825667007,22196.846602044017,22282.908240179037,1034142
2025-01-23 15:30:00+05:30,22314.700133445123,22352.704072068278,22135.156449909493,22261.97400915731,811760
2025-01-24 15:30:00+05:30,22317.110873102636,22706.322652882554,22288.645039839652,22555.78184677663,848825
2025-01-27 15:30:00+05:30,22402.678434914105,22864.991762545946,22402.514316649933,22641.239648578427,777202
2025-01-28 15:30:00+05:30,22781.584069881217,22817.672493451675,22317.693608385325,22521.00960464044,756745
2025-01-29 15:30:00+05:30,22435.50423393763,22804.960387582854,22369.074548586905,22654.187456371765,1040894
2025-01-30 15:30:00+05:30,22615.45182658584,22945.102281018728,22550.481079608355,22831.52919491935,993673
2025-01-31 15:30:00+05:30,22727.322406355794,23074.734501265946,22609.40675289948,23030.493100884196,695064
2025-02-03 15:30:00+05:30,23026.98933072027,23092.56987012655,22902.364103268523,22994.62843543053,871451
2025-02-04 15:30:00+05:30,23136.868060993165,23249.15634893287,23059.80527356194,23117.855747227888,942117
2025-02-05 15:30:00+05:30,23155.43891628907,23338.231048500795,23088.21209953487,23139.134541079395,1028609
2025-02-06 15:30:00+05:30,23181.510538692677,23473.03510110693,23122.032662234375,23334.296567593436,909910
2025-02-07 15:30:00+05:30,23204.089256286963,23427.262341096462,23153.38681859669,23171.435505506546,724982
2025-02-10 15:30:00+05:30,23276.064594099855,23390.3135537309,23161.40015685358,23296.472297857737,646900
2025-02-11 15:30:00+05:30,23425.288512207757,23595.239518853024,23073.28610446844,23106.484874958525,782507
2025-02-12 15:30:00+05:30,23142.88188832701,23353.341874106332,23064.0712289354,23212.814402556593,731704
2025-02-13 15:30:00+05:30,23103.799125642945,23176.42391177584,22949.57177000248,23166.725165084845,714183
2025-02-14 15:30:00+05:30,23198.3437422535,23340.07445781533,22995.845291534904,23315.10609985467,755157
2025-02-17 15:30:00+05:30,23405.066945028117,23537.384493731413,23349.2738684065,23387.744007365876,595463
2025-02-18 15:30:00+05:30,23432.071351329483,23750.740964740966,23346.716015934868,23622.995319233207,967621
2025-02-19 15:30:00+05:30,23712.66731017282,23743.278478893804,23412.679058885617,23597.322880434815,755894
2025-02-20 15:30:00+05:30,23640.869959079748,23796.18069423077,23547.637853782828,23566.764208497025,582105
2025-02-21 15:30:00+05:30,23686.330954526125,23825.393140002896,23477.45716159539,23587.535898303984,995589
2025-02-24 15:30:00+05:30,23541.99447878796,23720.14784097439,23426.998855196525,23597.619995003748,825666
2025-02-25 15:30:00+05:30,23652.50051997714,23861.157355779607,23645.210333396197,23683.761670084208,553774
2025-02-27 15:30:00+05:30,23761.90481532761,23798.65277266135,23482.061649783704,23658.895175382695,816109
2025-02-28 15:30:00+05:30,23711.496556838698,23773.059776470003,23369.45666663969,23545.201566967626,681351
2025-03-03 15:30:00+05:30,23439.388106090773,23441.074023145517,23199.497367207117,23389.721039968525,960951
2025-03-04 15:30:00+05:30,23161.801213004153,23219.34206204513,22954.386573759275,23187.823591745026,1204895
2025-03-05 15:30:00+05:30,23288.35281318391,23472.187959978117,23194.51415014922,23197.806190162046,846790
2025-03-06 15:30:00+05:30,23457.20991050477,23764.210546382583,23456.396278661774,23536.326102512387,962729
2025-03-07 15:30:00+05:30,23649.804849338987,23713.672035496627,23346.88238831293,23454.185849543752,613880
2025-03-10 15:30:00+05:30,23534.09915367647,23650.259787581825,23150.45955648725,23236.43209212849,859653
2025-03-11 15:30:00+05:30,23098.639536416184,23472.057077862748,23080.05677867191,23273.93045316925,1080804
2025-03-12 15:30:00+05:30,23380.32918214585,23433.326016176525,23213.325273115748,23412.15194603902,921474
2025-03-13 15:30:00+05:30,23514.334075800587,23760.427283745452,23499.978925405994,23571.866393838653,985007
2025-03-17 15:30:00+05:30,23565.52000331559,23810.133009967503,23383.248184455442,23745.212362516893,801385
2025-03-18 15:30:00+05:30,24005.427757245438,24108.675570133673,23876.976983081906,23977.972493609588,891128
2025-03-19 15:30:00+05:30,23848.043425905653,24259.385832872515,23751.557565942196,24144.61353778105,718970
2025-03-20 15:30:00+05:30,24241.171235618745,24288.670831484265,23883.373710976954,24016.30456051383,907948
2025-03-21 15:30:00+05:30,23987.808448751937,24055.520485283832,23800.530464203017,24052.305227621688,672493
2025-03-24 15:30:00+05:30,24152.108027474478,24329.637289033493,24006.670730246846,24060.76955490156,773613
2025-03-25 15:30:00+05:30,24239.363775897946,24334.938372535416,23972.98358906694,24089.92783671799,671098
2025-03-26 15:30:00+05:30,24096.377745861024,24312.905872617437,24057.96262542619,24152.01782370266,951611
2025-03-27 15:30:00+05:30,23992.5300590689,24340.91462229089,23975.652249756684,24186.681465507678,951769
2025-03-28 15:30:00+05:30,24355.067419853836,24394.57926724729,24044.61080947884,24210.401022599202,814188
2025-04-01 15:30:00+05:30,24094.15442684833,24315.819438009807,23967.56189974047,24223.707375177975,692131
2025-04-02 15:30:00+05:30,24400.482585107493,24579.5692610192,24251.70424638143,24252.29191483595,585298
2025-04-03 15:30:00+05:30,24177.48002190206,24487.73977239194,24126.633245580168,24330.778707938054,988024
2025-04-04 15:30:00+05:30,24213.35161337648,24435.665370959752,24188.04817922438,24194.315472195427,679274
2025-04-07 15:30:00+05:30,24185.275847856752,24547.928749209557,24051.658615988632,24471.15177962591,774491
2025-04-08 15:30:00+05:30,24568.58828763319,24669.98812370847,24114.599557769303,24239.86984089871,1074332
2025-04-09 15:30:00+05:30,24236.68874682007,24326.263695049016,23896.478010944473,24054.24571115964,1072158
2025-04-11 15:30:00+05:30,24051.815451010876,24224.022120849375,23862.77435691109,23892.48803600177,724578
2025-04-15 15:30:00+05:30,24085.780178417215,24208.503832968792,23727.647075708977,23829.59731937471,840989
2025-04-16 15:30:00+05:30,23886.139916436943,24317.65270055425,23831.221648180875,24133.33865179558,691859
2025-04-17 15:30:00+05:30,24236.713822744638,24550.448315769285,24107.692301272004,24501.899493098816,790048
2025-04-21 15:30:00+05:30,24669.70940218787,24709.50033933541,24340.369811477474,24473.62663857944,702377
2025-04-22 15:30:00+05:30,24482.687371894877,24496.08161925318,24158.128155092905,24373.924324533262,666550
2025-04-23 15:30:00+05:30,24285.49312903468,24547.27403284249,24267.09103001293,24397.225099781528,813483
2025-04-24 15:30:00+05:30,24394.014874244134,24494.70045932711,24257.127418943423,24401.423101775777,835934
2025-04-25 15:30:00+05:30,24575.821021886142,24822.57666059351,24161.00001420068,24161.0563304134,703567
2025-04-28 15:30:00+05:30,24284.163490287923,24372.528957764876,24005.857675620322,24156.30034318274,923626
2025-04-29 15:30:00+05:30,24232.38174910118,24279.134995728626,23810.133483419406,23961.609604110694,682396
2025-04-30 15:30:00+05:30,24118.645422959406,24209.493276645975,23734.46319372828,23858.13998487337,842244
2025-05-02 15:30:00+05:30,24061.959792136906,24204.566221008088,23941.991383234214,23996.717439310036,641024
2025-05-05 15:30:00+05:30,23986.479305687328,24475.169426619057,23884.539975946092,24330.78577523053,919141
2025-05-06 15:30:00+05:30,24252.758374248104,24302.616828156668,24017.710935357412,24196.23200204536,930958
2025-05-07 15:30:00+05:30,24224.019236308708,24310.926527250398,24090.561232486452,24189.453248678856,887556
2025-05-08 15:30:00+05:30,24242.519194230383,24387.569414410595,23926.613323658592,24022.868393249682,1098440
2025-05-09 15:30:00+05:30,23908.133760494606,24157.38232369119,23684.93706912762,24139.00883419642,1214584
2025-05-12 15:30:00+05:30,24081.880317771025,24138.227267441984,23696.703774664482,23882.886946778322,1041904
2025-05-13 15:30:00+05:30,23847.711968229676,23964.615054096867,23665.01414462786,23932.608352429397,890850
2025-05-14 15:30:00+05:30,23816.117461116686,23914.335035335575,23717.8407708452,23821.36700887962,562790
2025-05-15 15:30:00+05:30,23737.50038932261,23980.54508587834,23492.409544301096,23973.375635906195,681453
2025-05-16 15:30:00+05:30,23999.85731742087,24236.14083874496,23876.56657257732,24112.39382292439,851142
2025-05-19 15:30:00+05:30,24053.44699693638,24412.135246401795,24018.492088616807,24196.0406143103,1207134
2025-05-20 15:30:00+05:30,24211.046432475825,24533.728803380447,23997.25059280225,24523.915623301695,875047
2025-05-21 15:30:00+05:30,24414.058028590844,24638.838578097304,24297.29092299647,24532.44519453053,830533
2025-05-22 15:30:00+05:30,24325.742334970484,24902.92044649345,24300.902315155177,24710.334126083006,635052
2025-05-23 15:30:00+05:30,24827.67973593593,25029.73820657357,24594.97768741411,25018.272171499622,698444
2025-05-26 15:30:00+05:30,24753.010982865475,25058.15306814508,24582.49562270347,24974.843987132095,1046843
2025-05-27 15:30:00+05:30,24849.406095389302,25183.7543311292,24811.993738959856,24967.556573133326,664439
2025-05-28 15:30:00+05:30,24952.969686478227,25161.49052903541,24871.366843708995,24877.41769208339,638166
2025-05-29 15:30:00+05:30,24902.897311909353,25066.731747295995,24822.154785960203,24916.435347615647,1139152
2025-05-30 15:30:00+05:30,24958.71068712993,25169.012092793924,24792.304787155932,25138.988606557352,686664
2025-06-02 15:30:00+05:30,25035.451952257063,25210.435342864625,24999.887453864125,25072.71353503829,881612
2025-06-03 15:30:00+05:30,25000.896574270137,25272.40080872297,24915.266369551133,25141.1361156355,926470
2025-06-04 15:30:00+05:30,25248.50475366241,25303.79772195313,25047.580554159355,25255.876035740388,888892
2025-06-05 15:30:00+05:30,25095.9650739936,25336.946255097606,24898.79745294589,25282.33822933634,1035477
2025-06-06 15:30:00+05:30,25287.369185080748,25300.157250367545,24929.498006923248,25171.94434100775,1041368
2025-06-09 15:30:00+05:30,25358.587911043876,25715.41131501579,25269.120248768537,25532.423224675935,700368
2025-06-10 15:30:00+05:30,25442.504566269967,25455.36402949236,25266.553106516356,25437.60577389606,853229
2025-06-11 15:30:00+05:30,25424.93121905803,25657.64901832825,25303.092685210107,25524.22225072751,1170201
2025-06-12 15:30:00+05:30,25520.10553601095,25669.3614853305,25324.58085262456,25410.744566730256,814375
2025-06-13 15:30:00+05:30,25447.433256685792,25502.480096477208,25242.60929583225,25377.351952483692,544080
2025-06-16 15:30:00+05:30,25262.453419004563,25302.82881132656,24777.93591495825,24919.245612069673,570939
2025-06-17 15:30:00+05:30,24875.0916379327,25126.06834064555,24843.76407655979,24944.87685117645,846203
2025-06-18 15:30:00+05:30,24914.596429048423,25181.708733704076,24782.61754229501,25089.93553667117,627201
2025-06-19 15:30:00+05:30,25229.141312917793,25494.297306499313,25013.084907369936,25016.133315944844,1035888
2025-06-20 15:30:00+05:30,25156.143945640182,25165.143774616994,24692.160703369183,24940.56675755444,996436
2025-06-23 15:30:00+05:30,24969.309178722317,25056.86350518016,24835.298042997078,24919.285180361865,544477
2025-06-24 15:30:00+05:30,24903.15390472053,25231.46539665259,24850.798165140182,25027.27842544273,1050027
2025-06-25 15:30:00+05:30,25109.87131781862,25327.340311443073,25083.48589099117,25132.361639626044,798817
2025-06-26 15:30:00+05:30,25450.709322400715,25645.215247118027,24986.0718378095,25054.796896073894,908067
2025-06-27 15:30:00+05:30,25044.56584485409,25462.21059062281,25021.19345649329,25308.35448595638,690002
2025-06-30 15:30:00+05:30,25485.227125285157,25594.679486959772,24910.463615028744,25020.15150795272,769621
2025-07-01 15:30:00+05:30,25090.223310253583,25406.275423530005,24971.684712025464,25314.662046782745,589932
2025-07-02 15:30:00+05:30,25290.82488064098,25353.878151345663,24992.489673145756,25195.71446695974,749638
2025-07-03 15:30:00+05:30,25132.87962536454,25447.34808168965,24923.112673415664,25415.409901597664,1081702
2025-07-04 15:30:00+05:30,25406.94491116035,25840.106388087443,25345.336051943195,25725.611486997328,668291
2025-07-07 15:30:00+05:30,25844.246432141994,25886.635086590795,25637.64002787794,25774.41339195629,703231
2025-07-08 15:30:00+05:30,25714.841237797682,26036.86489992765,25662.078688553403,25868.896794192413,679983
2025-07-09 15:30:00+05:30,25765.440309941707,25958.60978674557,25464.482335687084,25512.932341719847,971807
2025-07-10 15:30:00+05:30,25541.613635293415,25702.307312959318,25261.806332428605,25322.95739186041,852097
2025-07-11 15:30:00+05:30,25156.281852947115,25752.292527389433,24791.423882805342,25705.34189812977,1051102
2025-07-14 15:30:00+05:30,25526.365613445138,25727.310503489185,25052.79006843259,25288.960577134443,890341
2025-07-15 15:30:00+05:30,25431.77008438638,25725.992733010175,24718.05989361901,24774.25813357974,748754
2025-07-16 15:30:00+05:30,24941.706114659424,25204.996225414925,24108.161967756692,24290.000147412607,1061402
2025-07-17 15:30:00+05:30,24332.48466109287,24653.040921587235,23989.57609530354,24115.476595974742,1224545
2025-07-18 15:30:00+05:30,24056.177307562764,24254.242048777385,23564.167478455398,23725.19140277862,876645
2025-07-21 15:30:00+05:30,23599.315834733734,24022.74734393742,23486.109664408457,23702.567936657306,812883
2025-07-22 15:30:00+05:30,23503.314548054917,23817.199281063535,23338.16331805323,23678.247392504196,575504
2025-07-23 15:30:00+05:30,23873.546976863723,23925.426978406835,23352.63337346393,23650.395870226275,926761
2025-07-24 15:30:00+05:30,23375.322987859316,24573.518916285182,23360.94637094244,24209.04905741933,781711
2025-07-25 15:30:00+05:30,24128.36980599271,24296.92037875464,23821.721887640484,24286.996420896234,874400
2025-07-28 15:30:00+05:30,24307.917588547763,24358.14080554448,23885.805925776134,24044.23897758028,839336
2025-07-29 15:30:00+05:30,24122.01052194491,24219.882041650813,23904.1482610028,24009.1712782259,946087
2025-07-30 15:30:00+05:30,23999.61597123673,24169.669002732346,23901.55551916599,24090.043962896172,571143
2025-07-31 15:30:00+05:30,24096.544509533636,24301.52325054672,24054.898232153093,24064.394368465688,1061405
2025-08-01 15:30:00+05:30,24080.938095585752,24572.028260842635,24048.58770900249,24371.745023669533,1137876
2025-08-04 15:30:00+05:30,24187.27715455138,24473.574306604693,24061.33480909665,24416.770552005313,539553
2025-08-05 15:30:00+05:30,24421.65141021773,24637.752654406042,24252.440836602393,24286.065587826262,1103470
2025-08-06 15:30:00+05:30,24177.251956885626,24734.781324987827,24137.065833273107,24548.799478861718,1052585
2025-08-07 15:30:00+05:30,24584.286666282336,24916.398481259926,24549.472999553258,24707.087840495704,1107385
2025-08-08 15:30:00+05:30,24716.268340998082,25013.5695950553,24671.79695597641,24879.377705778712,704185
2025-08-11 15:30:00+05:30,25131.05697045856,25317.555666685053,24632.605636325654,24754.622120189288,649294
2025-08-12 15:30:00+05:30,24919.453353176912,25222.12032006297,24421.75936046343,24463.28003728323,873504
2025-08-13 15:30:00+05:30,24381.161680183755,24626.67114487346,24160.434823151878,24516.657473659863,880515
2025-08-14 15:30:00+05:30,24773.0606089765,24864.508873407744,24330.680006267005,24852.08610357085,723606
2025-08-18 15:30:00+05:30,24508.90929537195,25218.883270321872,24440.60456106986,24971.81296855395,828568
2025-08-19 15:30:00+05:30,25084.60071701043,25346.590534642262,24357.66875357433,24506.13324360577,1000790
2025-08-20 15:30:00+05:30,24529.898710902555,24768.727957384614,24119.439364251477,24239.91659554514,990860
2025-08-21 15:30:00+05:30,24199.8990515915,24905.594097409037,23909.46630348798,24828.464519821977,1003506
2025-08-22 15:30:00+05:30,24651.41568692858,25077.696760380786,24602.97413909876,24888.443780892707,1084857
2025-08-25 15:30:00+05:30,24826.891818280885,24976.24924332565,24771.061178039337,24831.61137615075,576050
2025-08-26 15:30:00+05:30,24704.24114778144,24979.462857126844,24703.858883998317,24794.39337479755,989263
2025-08-28 15:30:00+05:30,24713.587766568016,25197.925761411134,24667.53900015589,25072.48000146893,837303
2025-08-29 15:30:00+05:30,24863.134681500713,24929.095456287512,24688.350032684088,24918.976422068736,886189
2025-09-01 15:30:00+05:30,24927.695826202485,25182.176186879442,24749.152085319976,25118.73990934094,959282
2025-09-02 15:30:00+05:30,25044.114741875448,25298.635924375307,24942.639935190582,24950.26993485988,1218068
2025-09-03 15:30:00+05:30,24709.70837003757,24926.514684889204,24471.8813869598,24919.356913027204,1013877
2025-09-04 15:30:00+05:30,24715.19442456199,24978.40176564448,24545.068880675102,24907.193272003427,861881
2025-09-05 15:30:00+05:30,24868.981577291896,25145.3504993862,24799.55158817371,24989.347382414282,884518
2025-09-08 15:30:00+05:30,25019.051607960067,25041.476488670523,24611.290382865864,24850.185438324872,1056507
2025-09-09 15:30:00+05:30,24974.540815152464,25145.569875148656,24578.737292618516,24596.68863458867,935542
2025-09-10 15:30:00+05:30,24680.926379812536,25034.454085283935,24600.735871469766,24874.65826291909,784394
2025-09-11 15:30:00+05:30,24925.48373534739,25187.28064817712,24910.35935577995,24988.62793182063,1078039
2025-09-12 15:30:00+05:30,25177.41169013966,25218.68421883706,24873.08962293733,25027.268129754146,777821
2025-09-15 15:30:00+05:30,25166.065773376085,25321.297812449186,24844.9751087647,24861.656862317763,854770
2025-09-16 15:30:00+05:30,24994.025767420233,25015.286162545905,24347.26484268316,24495.31548492309,895692
2025-09-17 15:30:00+05:30,24678.231920745977,24758.12655875785,24335.740422351002,24449.97691275041,658378
2025-09-18 15:30:00+05:30,24604.04977151114,24674.29378678066,24306.69605889192,24412.447948920846,947706
2025-09-19 15:30:00+05:30,24380.86180784804,24561.427680684923,24210.543702100364,24246.140610615104,839366
2025-09-22 15:30:00+05:30,24120.51827875482,24695.168011949867,24044.697344419066,24594.052319254748,841010
2025-09-23 15:30:00+05:30,24733.91569714464,24952.379090572267,24617.11099295852,24662.36388091891,1166562
2025-09-24 15:30:00+05:30,24659.56877110443,24856.27820610737,24445.661020217565,24820.0112734517,694060
2025-09-25 15:30:00+05:30,24832.182630176827,24939.701264301664,24594.953673191278,24656.57440072436,723872
2025-09-26 15:30:00+05:30,24568.70489690245,25018.979828142325,24514.52564362759,24889.106793673975,714502
2025-09-29 15:30:00+05:30,24989.075202649245,25028.11484470433,24499.209471916663,24667.116865369673,735005
2025-09-30 15:30:00+05:30,24702.48972571974,24809.683904137688,24438.356293021363,24517.64313669221,653333
2025-10-01 15:30:00+05:30,24559.856135329002,24642.635319853696,24020.995333302006,24132.631495696813,584890
2025-10-03 15:30:00+05:30,24147.171245084963,24288.52638804467,24039.22462909845,24123.73308593488,978754
2025-10-06 15:30:00+05:30,24061.865654860838,24422.35393044355,23981.034924927193,24275.07187650003,876372
2025-10-07 15:30:00+05:30,24330.385124292505,24342.72058719238,24022.359489257855,24183.440497451742,746037
2025-10-08 15:30:00+05:30,24260.375068470083,24346.900719225552,24010.996294479162,24161.91510338995,738753
2025-10-09 15:30:00+05:30,24140.946134357968,24382.488875944717,24049.153623757495,24279.237604945167,896046
2025-10-10 15:30:00+05:30,24231.891102012203,24394.20476775411,24146.686313297057,24185.488403624156,904155
2025-10-13 15:30:00+05:30,24147.67892437962,24479.613513364242,24061.949156765862,24345.973734877058,971461
2025-10-14 15:30:00+05:30,24174.259613835682,24540.984314197434,24068.987861606536,24387.278401641357,849969
2025-10-15 15:30:00+05:30,24552.180375896034,24569.85049765277,24242.225485492734,24416.465141569373,687008
2025-10-16 15:30:00+05:30,24400.899361824413,24737.004780798794,24305.69597582989,24576.536881707747,967684
2025-10-17 15:30:00+05:30,24687.260983818436,24856.566196412394,24057.225264642362,24138.294016224325,1226260
2025-10-20 15:30:00+05:30,24158.720804987253,24405.777739205412,24059.585506000436,24072.78679062267,899482
2025-10-23 15:30:00+05:30,23963.370003139775,24338.618514343012,23919.04712182979,24196.523496966358,692277
2025-10-24 15:30:00+05:30,24247.898316873947,24290.13305906153,23622.772585033636,23810.313283833126,710168
2025-10-27 15:30:00+05:30,23691.553611919568,24263.930290944456,23659.51137947315,24115.97656118914,536584
2025-10-28 15:30:00+05:30,23932.800964735932,24377.273662635,23786.524246910038,24324.57067329361,884364
2025-10-29 15:30:00+05:30,24323.18104721399,24658.164600048665,24220.54419636301,24537.47351027372,938073
2025-10-30 15:30:00+05:30,24682.175308203136,24865.268928808826,24629.101408900988,24635.303422478897,987854
2025-10-31 15:30:00+05:30,24583.2714942893,24799.872556415074,24429.499221032125,24453.74185269671,740592
2025-11-03 15:30:00+05:30,24442.40797554405,24701.300697661092,24426.117739094534,24467.671216009123,1006355
2025-11-04 15:30:00+05:30,24614.699610423595,24708.31132728527,24448.338508916862,24632.56239900491,1010361
2025-11-06 15:30:00+05:30,24655.634930670043,24732.565601580136,24431.89482631739,24583.568679584896,840209
2025-11-07 15:30:00+05:30,24496.108565939066,24515.199026158458,24218.357212785955,24367.947057462297,541658
2025-11-10 15:30:00+05:30,24325.834976100185,24950.19222321698,24275.43858577301,24742.484247183613,1233845
2025-11-11 15:30:00+05:30,24705.411931974682,24810.90256708866,24532.333819177125,24738.2505013087,1014709
2025-11-12 15:30:00+05:30,24743.73929853696,24866.607880251886,24674.910797610682,24743.040914958623,779941
2025-11-13 15:30:00+05:30,24680.50916149701,24859.090546682924,24595.748484146072,24747.991996864323,943329
2025-11-14 15:30:00+05:30,24630.365495285365,24958.690456018416,24578.53133992121,24768.91787377553,978298
2025-11-17 15:30:00+05:30,24943.42568689697,25137.765997575796,24670.779979300623,24693.12178373681,884868
2025-11-18 15:30:00+05:30,24605.733499917438,24936.913580794004,24473.32284454348,24805.822816014133,938596
2025-11-19 15:30:00+05:30,24814.26518912197,25003.89995222551,24650.376688680684,24905.01394711611,1018378
2025-11-20 15:30:00+05:30,24782.005655611407,25060.177182852836,24758.79649558109,24891.60286397653,976892
2025-11-21 15:30:00+05:30,24881.40739766885,25124.54164877657,24826.530413145974,24945.55491457656,995077
2025-11-24 15:30:00+05:30,24865.189629742836,24888.935317449133,24612.160152742723,24754.253139584293,860078
2025-11-25 15:30:00+05:30,24860.964829215383,25105.246213980467,24766.43520801642,25027.13115569247,558365
2025-11-26 15:30:00+05:30,24963.472069675314,25257.499661231002,24765.574813174844,25221.153459741803,661018
2025-11-27 15:30:00+05:30,25364.631084964447,25461.038385598662,25050.895344672317,25128.366519059666,526515
2025-11-28 15:30:00+05:30,25115.59558416415,25135.619847330105,24908.681307621653,25104.55381687827,888743
2025-12-01 15:30:00+05:30,25130.124325727134,25197.007865164083,24740.40459057654,24913.79186192738,947586
2025-12-02 15:30:00+05:30,24755.727661933972,25095.364188719912,24737.90529093106,24859.755831684313,906691
2025-12-03 15:30:00+05:30,25016.60328199913,25031.10844781699,24752.26188960967,24945.90228595927,682667
2025-12-04 15:30:00+05:30,25076.507055119462,25189.473768238626,24772.258941306205,24882.239138550638,1052973
2025-12-05 15:30:00+05:30,24877.46652339965,24989.295606097494,24681.91110823503,24962.845015045383,856448
2025-12-08 15:30:00+05:30,24919.171222112687,24946.98335842896,24472.43696118424,24695.129160784138,731961
2025-12-09 15:30:00+05:30,24592.021037476778,24922.4386648354,24534.956914338094,24775.42864844245,1049727
2025-12-10 15:30:00+05:30,24877.185956362206,25004.774286868018,24706.581189579938,24946.57292931312,1150376
2025-12-11 15:30:00+05:30,24905.678522052018,25108.772956621622,24852.825268724657,24853.997502668622,653509
2025-12-12 15:30:00+05:30,24697.594466597944,25605.78352523587,24675.26513950736,25426.448323975164,659866
2025-12-15 15:30:00+05:30,25401.719589357173,25499.03783002239,25055.506105504668,25161.00940734897,886929
2025-12-16 15:30:00+05:30,25024.792863132254,25492.82815497967,24987.215944429445,25307.630673847736,776711
2025-12-17 15:30:00+05:30,25282.691727804875,25471.7642865916,25139.093188943207,25176.393149473988,1003405
2025-12-18 15:30:00+05:30,25194.82029213787,25436.78944302402,25118.61726196106,25263.152064119033,864155
2025-12-19 15:30:00+05:30,25328.507195488688,25340.65432339357,25002.98690591422,25211.278398953065,747414
2025-12-22 15:30:00+05:30,25048.55138016407,25256.49820573442,24994.997275722526,25070.73298261039,937951
2025-12-23 15:30:00+05:30,25101.924914442145,25610.377004109,25097.970992583054,25416.87861417525,942075
2025-12-24 15:30:00+05:30,25412.94315439347,25498.677895324206,24991.030996985275,25120.988885972693,1042163
2025-12-26 15:30:00+05:30,25169.496029161874,25299.307185675443,24787.463810623343,24901.340698419852,972526
2025-12-29 15:30:00+05:30,24987.34075066726,25040.390671848618,24234.0481789063,24416.5960255857,1134225
2025-12-30 15:30:00+05:30,24360.97753504567,24543.594537279692,24272.860658388396,24435.10170196119,722645
2025-12-31 15:30:00+05:30,24467.914398454544,24704.4761590658,24466.196609483584,24516.385984869008,783753
2026-01-01 15:30:00+05:30,24328.270485642508,24938.0339293776,24260.587050602775,24809.71875040792,563636
2026-01-02 15:30:00+05:30,24625.224923168123,24799.826909899606,24413.758953712477,24775.94985468821,905510
2026-01-05 15:30:00+05:30,24866.58540933361,24924.805167164544,24674.56901766218,24880.102011740335,1124854
2026-01-06 15:30:00+05:30,24893.642887189002,24978.39774372072,24708.097384026503,24922.441620551606,1000099
2026-01-07 15:30:00+05:30,24986.0837182946,25335.083176152148,24984.041020051794,25157.622726144586,873712
2026-01-08 15:30:00+05:30,25280.841054292752,25417.949326837,24804.753554460098,24879.657024587075,647594
2026-01-09 15:30:00+05:30,24732.697944473413,25137.334430717514,24669.402353514834,25012.455633895675,949118
2026-01-12 15:30:00+05:30,24883.842160254877,25182.781991790434,24837.950981476788,24995.7310856038,1147061
2026-01-13 15:30:00+05:30,24919.215991320863,24970.898750995468,24580.18024228488,24730.682229420814,801165
2026-01-14 15:30:00+05:30,24752.5655388483,25033.090477660673,24734.87865938123,24787.013195930314,772044
2026-01-15 15:30:00+05:30,24835.643850967394,24847.41029228305,24630.725572795214,24831.524950848787,919242
2026-01-16 15:30:00+05:30,24853.45915952409,25255.891590789586,24706.408793434148,25193.48595348993,796585
2026-01-19 15:30:00+05:30,25060.598953966477,25860.141618534413,25015.786980159814,25563.04198571063,780976
2026-01-20 15:30:00+05:30,25891.317566690424,26051.27482538034,25430.037505747852,25589.369286522848,577788
2026-01-21 15:30:00+05:30,25527.54449668141,26375.14504996102,25464.90848972728,26062.46610497504,571869
2026-01-22 15:30:00+05:30,26170.296382631,26256.030777053325,25189.905215021623,25595.51793164317,1005048
2026-01-23 15:30:00+05:30,25401.227926708027,25905.36515780711,25139.090087705277,25750.127088221154,905134
2026-01-27 15:30:00+05:30,25770.786361103706,25781.670441777234,25320.897793073756,25624.457470648686,901122
2026-01-28 15:30:00+05:30,25436.36033008288,25828.18958964977,25225.0418103657,25635.31696939177,781317
2026-01-29 15:30:00+05:30,25865.085292104206,26287.683063131917,25565.142431471224,26180.7472345569,758713
2026-01-30 15:30:00+05:30,25965.749591958072,26075.516735191108,24923.425296744084,25132.13349269814,828600
2026-02-02 15:30:00+05:30,24828.00158030884,24931.07678164791,24445.37598921508,24822.154449870828,1178210
2026-02-03 15:30:00+05:30,24743.314739310015,25332.64583669039,24459.694416163533,25262.14132214149,734975
2026-02-04 15:30:00+05:30,25135.73073169683,25858.819022577838,24907.22847651031,25635.465967245345,933062
2026-02-05 15:30:00+05:30,25471.0543864526,25703.959968234078,25264.256661749027,25407.0115153303,986148
2026-02-06 15:30:00+05:30,25366.08508889707,25630.89181633332,25018.343296290783,25578.887568355465,673236
2026-02-09 15:30:00+05:30,25460.527206475348,25583.04420424697,25195.325435500537,25412.673502488044,581436
2026-02-10 15:30:00+05:30,25307.387457012934,25594.85502677912,25119.763033140156,25207.32579989652,808720
2026-02-11 15:30:00+05:30,25340.72089803875,25475.860501500167,25011.90802903288,25393.242624886265,1002720
2026-02-12 15:30:00+05:30,25137.3983408966,25209.13730407532,24703.974333000475,25026.02157931569,737821
2026-02-13 15:30:00+05:30,24752.05423068156,25117.850451964125,24355.149617138486,25090.144345200064,952154
2026-02-16 15:30:00+05:30,24996.778563368644,25060.709231196604,24559.420983237495,24941.715018056137,1214031
2026-02-17 15:30:00+05:30,24740.487743370348,24912.467322875746,24140.138384827605,24371.488789358616,1012597
2026-02-18 15:30:00+05:30,24194.24393584031,24582.05434781276,24072.532606100172,24338.206484559574,617044
2026-02-19 15:30:00+05:30,24609.604621331164,24775.02532117129,24320.923709195267,24741.35276750783,688090
2026-02-20 15:30:00+05:30,24742.581620126668,24960.774922169454,24713.54578971361,24776.02215592074,990979
2026-02-23 15:30:00+05:30,24718.59339117155,25240.917555417003,24673.80888084474,25099.660482056923,537692
2026-02-24 15:30:00+05:30,25019.82859288612,25404.890394093247,24871.05503344306,25299.95610567521,697208
2026-02-25 15:30:00+05:30,25314.193662682013,25725.473663807974,25289.29560813605,25535.99163546361,1043262
2026-02-26 15:30:00+05:30,25715.234866378883,25767.274587206262,25246.38685054221,25375.871575364843,766514
2026-02-27 15:30:00+05:30,25331.008805078072,25822.45325713242,25201.51593898368,25711.18882385223,672725
2026-03-02 15:30:00+05:30,25886.313058022588,25955.08312628109,25414.373136857837,25609.647352973803,972666
2026-03-03 15:30:00+05:30,25693.081925350547,25802.00259252878,25554.036790375387,25727.199497990794,686538
2026-03-05 15:30:00+05:30,25792.131079487248,25951.879689914902,25733.718592075933,25780.534998257037,881853
2026-03-06 15:30:00+05:30,25698.09710193733,25885.61890066721,25579.025238357895,25829.74456215302,821972
2026-03-09 15:30:00+05:30,25894.464164798555,26088.17103870742,25723.278247121816,26067.504712540285,589927
2026-03-10 15:30:00+05:30,26028.27515105425,26155.361336824855,25907.31261567505,26067.66719785599,716629
2026-03-11 15:30:00+05:30,25946.30229699605,26588.996445322453,25867.237497924507,26410.825572602123,916972
2026-03-12 15:30:00+05:30,26364.369697476475,26915.206818828927,26254.839621526753,26809.104561952994,834071
2026-03-13 15:30:00+05:30,27007.84038214105,27160.25341928593,26366.04978024517,26655.536832492864,908521
2026-03-16 15:30:00+05:30,26165.13269485843,26759.072632709787,25892.51087996824,26689.002344035845,699328
2026-03-17 15:30:00+05:30,26370.736763379333,26861.473130246486,26183.87177231748,26714.49445267214,930607
2026-03-18 15:30:00+05:30,27115.469662784115,27227.31107511744,25761.315926920022,26028.53657296786,963453
2026-03-19 15:30:00+05:30,26158.81226176381,26399.320862788507,24494.389484436768,24688.098368417275,966569
2026-03-23 15:30:00+05:30,24714.68368405917,24864.01982963479,24376.388496785254,24831.652408938004,799286
2026-03-24 15:30:00+05:30,24768.111224549913,24866.300334199164,24431.57713828582,24793.005051730797,743808
2026-03-25 15:30:00+05:30,24799.39740908119,25263.231082581533,24710.354792382484,25038.715026162063,559280
2026-03-27 15:30:00+05:30,24745.29840491849,25465.513635454274,24448.840162065062,25302.006351205484,1110650
2026-03-30 15:30:00+05:30,25300.732911148803,25577.54628894684,25114.198481164713,25440.532923064995,572992
2026-04-01 15:30:00+05:30,25455.30844490303,25595.80333272956,25124.07032315376,25465.584568841,994943
2026-04-02 15:30:00+05:30,25629.814879595266,26055.668597544227,25470.937682016465,25507.978558929088,1160882
2026-04-06 15:30:00+05:30,25404.494122338794,25741.80547288126,25097.624144615922,25576.86609449161,792498
2026-04-07 15:30:00+05:30,25315.448075451008,26066.130311407167,25181.9843652606,25782.976992833585,1099846
2026-04-08 15:30:00+05:30,25746.71654844907,26012.94502549443,25183.0095528872,25350.989104942495,1127066
2026-04-09 15:30:00+05:30,25241.56857537527,25449.91281747906,24926.714126450093,25180.658889450722,1066217
2026-04-10 15:30:00+05:30,25298.159656588305,25508.953203601963,24717.040493647597,24815.1925986388,586184
2026-04-13 15:30:00+05:30,24890.97329287591,25260.053267248226,24182.524013551338,24183.236692904386,731849
2026-04-15 15:30:00+05:30,24440.514010081388,24555.69548591913,23761.311524409855,23944.613497832055,623908
2026-04-16 15:30:00+05:30,23776.625386432403,23853.666959789934,23614.491284432857,23822.87359089428,970513
2026-04-17 15:30:00+05:30,23819.204335702645,23939.063603689396,23714.725058215583,23804.24514513969,936179
2026-04-20 15:30:00+05:30,23699.79333207519,24016.27206953129,23600.485027316266,23859.84628586684,1153748
2026-04-21 15:30:00+05:30,23884.778165015112,24119.40520405651,23741.88175499978,23762.42775437908,1214958
2026-04-22 15:30:00+05:30,23527.930708948526,23918.086106395076,23512.523614778038,23741.373376112082,602655
2026-04-23 15:30:00+05:30,23794.860326704707,23936.545973911412,23555.46689552267,23580.428323415777,742884
2026-04-24 15:30:00+05:30,23579.86342897565,23711.197217521923,23285.559496847152,23406.058946702575,1241000
2026-04-27 15:30:00+05:30,23405.012770189816,23432.57868284853,23217.63061377211,23411.755032346286,689590
2026-04-28 15:30:00+05:30,23401.605224052975,23632.84942642252,23262.050409377873,23546.418125364646,962562
2026-04-29 15:30:00+05:30,23580.631575395517,23705.012010309212,23408.6879821641,23446.12889744604,672633
2026-04-30 15:30:00+05:30,23474.331404439967,23649.36026368582,23354.099922162266,23583.800024166198,1011878
2026-05-04 15:30:00+05:30,23497.861177571984,23959.685400067465,23484.32867959132,23787.541883380774,1005119
2026-05-05 15:30:00+05:30,23719.77983071782,23743.810784647863,23550.604337017037,23703.893787528632,552761
2026-05-06 15:30:00+05:30,23794.273942330507,23862.70420742281,23257.871386260827,23411.250091504076,1174577
2026-05-07 15:30:00+05:30,23351.74552241066,23357.968386019656,22914.667174519203,23088.13069074026,834343
2026-05-08 15:30:00+05:30,22868.02512727131,23107.996302831965,22806.872736570134,23007.348377562856,727314
2026-05-11 15:30:00+05:30,22833.126378197052,23144.840739611547,22689.46234858672,23094.373842256657,1030183
2026-05-12 15:30:00+05:30,23022.12897969845,23174.967913114164,22951.658214638952,23063.500791438622,565574
2026-05-13 15:30:00+05:30,23175.329522908218,23495.078732164835,23144.959315678952,23347.155309595728,790468
2026-05-14 15:30:00+05:30,23173.88164687894,23771.660126612758,23041.06818982919,23733.470895257607,725181
2026-05-15 15:30:00+05:30,23682.03999046605,23832.395017782623,23532.10370565175,23767.72721447761,920367
2026-05-18 15:30:00+05:30,23780.893748582614,24094.230197555848,23769.80169757576,23885.584668939126,778551
2026-05-19 15:30:00+05:30,23996.741986201647,24400.889880589773,23963.861236837354,24259.53732258233,597651
2026-05-20 15:30:00+05:30,24392.8259829436,24434.91517610442,23384.34337825098,23680.126232353472,783414
2026-05-21 15:30:00+05:30,24099.480649379162,24301.397959024398,23211.417273853098,23347.26984990673,721198
2026-05-22 15:30:00+05:30,23176.09829631065,23617.261391739965,23103.989686509703,23270.773017349813,1175229
2026-05-25 15:30:00+05:30,23115.406689822616,23302.220265287,22802.16385411641,23190.11790311833,1019431
2026-05-26 15:30:00+05:30,23365.53076076592,23508.436728263867,23108.765046358767,23195.508734472667,944643
2026-05-28 15:30:00+05:30,23430.319275525624,23431.12216072925,22968.815940457298,23170.431941007726,830957
2026-05-29 15:30:00+05:30,23246.799096746523,23310.40105997728,22887.41954524135,23012.965411130215,992718
2026-06-01 15:30:00+05:30,22988.492584483218,23143.534070067337,22874.80953665979,23013.661532329068,987498
2026-06-02 15:30:00+05:30,22880.65818390637,22883.357175956102,22635.7537236728,22845.995574418135,706638
2026-06-03 15:30:00+05:30,22969.180313410314,23285.30816603665,22921.909819614877,23123.35307478742,1103781
2026-06-04 15:30:00+05:30,22927.553042820608,23362.849423007712,22844.47640593902,23262.68859428666,776082
2026-06-05 15:30:00+05:30,23219.777323071863,23279.558055169797,23046.25178383833,23270.94589088098,898673
2026-06-08 15:30:00+05:30,23291.526953877852,23456.466760084808,23218.639170638275,23233.93999728506,705780
2026-06-09 15:30:00+05:30,23403.424258852032,23435.59563755569,22676.442345519026,22804.795318023753,749843
2026-06-10 15:30:00+05:30,22792.944265510916,23337.73818272343,22759.005012142014,23150.96353419585,1071774
2026-06-11 15:30:00+05:30,23099.622332435396,23250.710261224165,23016.888244585607,23051.121627408284,619525
2026-06-12 15:30:00+05:30,22992.745015064866,23276.998935308642,22977.135334999886,23072.47956832477,707302
2026-06-15 15:30:00+05:30,23142.954576332868,23158.775636706934,22857.72038730321,23030.467896172257,990036
2026-06-16 15:30:00+05:30,22974.199215479886,23063.36650258547,22804.602903069353,22874.383181012294,558059
2026-06-17 15:30:00+05:30,23222.697532097074,23531.144715382597,22537.21298254429,22663.298345761337,695583
2026-06-18 15:30:00+05:30,22552.773937957747,22883.04882225196,21924.582651898854,21925.292471737583,878226
2026-06-19 15:30:00+05:30,22236.5260389249,22574.97345219292,22023.32271406479,22034.371571074946,1106690
2026-06-22 15:30:00+05:30,21896.87116593677,22168.108251602265,21832.272762009477,21870.84657517223,703067
2026-06-23 15:30:00+05:30,22064.571207077526,22294.653791784913,21771.426545926846,21958.21244608843,883105
2026-06-24 15:30:00+05:30,22020.931343848857,22052.97231828435,21826.816126900198,22029.52477568297,1075306
2026-06-25 15:30:00+05:30,21983.52033756919,22015.95494145402,21718.668715981872,21869.25617002175,669479
2026-06-26 15:30:00+05:30,21792.704843308984,22283.952661432904,21603.023529592883,22241.02596838728,787226
2026-06-29 15:30:00+05:30,22179.561007767352,22248.887449002254,22021.642088195364,22180.648195899183,835257
2026-06-30 15:30:00+05:30,22049.593374378743,22126.739074783753,21868.62329118944,22085.272165578048,1003544
2026-07-01 15:30:00+05:30,22083.081762599068,22389.131187637264,22030.64551764599,22233.873490782888,821637
2026-07-02 15:30:00+05:30,22159.339082912902,22356.61673161277,22123.901074107944,22161.692110436346,751972
2026-07-03 15:30:00+05:30,22105.726924571758,22323.314807313298,21989.578745692503,21993.32582672594,760811
2026-07-06 15:30:00+05:30,21923.960378263208,22269.98894843052,21888.175339133522,22100.828235527068,1077281
2026-07-07 15:30:00+05:30,21986.25251634608,22173.38520938494,21787.219575718675,22171.021577389383,831841
2026-07-08 15:30:00+05:30,21996.24082003662,22166.536237960485,21886.133579781417,22048.213248393073,788459
2026-07-09 15:30:00+05:30,21818.13988731116,22189.33399875373,21629.97397738497,22141.602454680495,916353
2026-07-10 15:30:00+05:30,22209.4886305011,22318.342480904405,22126.025068455096,22183.501698109892,596685
2026-07-13 15:30:00+05:30,22271.012249522253,22332.089997231946,22155.373023447264,22291.026011961458,871565
2026-07-14 15:30:00+05:30,22252.10723746583,22348.636445545344,22155.70624533609,22227.574839191664,651461
2026-07-15 15:30:00+05:30,22054.10933183851,22194.970224872995,21927.141619319325,22089.975120138137,684552
2026-07-16 15:30:00+05:30,22080.194389784625,22336.822718828993,22064.34033577689,22156.3904854889,988376
2026-07-17 15:30:00+05:30,22110.44529442418,22321.864162320184,22019.31422085632,22184.277593766335,742082
2026-07-20 15:30:00+05:30,22147.978309350437,22377.1798596715,22135.210199937905,22164.73582213928,974645
2026-07-21 15:30:00+05:30,22088.98924066622,22391.313655603783,22080.77404481061,22213.72964890544,624155
2026-07-22 15:30:00+05:30,22306.57452161151,22502.867319234985,22187.14313557105,22207.152036477462,1095449
2026-07-23 15:30:00+05:30,22153.29256169031,22274.511893495863,21943.918361124382,21988.067432959146,552909
2026-07-24 15:30:00+05:30,22043.2591948945,22154.17477032403,21896.639925554675,22135.712080618854,823006
2026-07-27 15:30:00+05:30,22022.350087041537,22463.77761967036,21987.829434494004,22334.248870584095,579486
2026-07-28 15:30:00+05:30,22401.387967845323,22463.740192993017,22246.035797378743,22424.742302339964,990329
2026-07-29 15:30:00+05:30,22284.29903297848,22412.588617105124,22128.10405836573,22362.881325678874,823423
2026-07-30 15:30:00+05:30,22394.55042508168,22628.818788903707,22196.609865992337,22604.3400085362,1044344
2026-07-31 15:30:00+05:30,22646.693179513994,22784.87557800744,22446.50309603332,22553.592463628338,1129153
2026-08-03 15:30:00+05:30,22730.99070906164,22791.56188479845,22301.12020319321,22462.46375812077,713831
2026-08-04 15:30:00+05:30,22458.381294901752,22588.36229565397,22263.266610221926,22343.4848129851,729454
2026-08-05 15:30:00+05:30,22236.445864143996,22590.1469820761,22199.862192454275,22403.419478757274,1121104
2026-08-06 15:30:00+05:30,22280.97073386263,22494.961853277542,22156.2786351182,22419.199571693338,969930
2026-08-07 15:30:00+05:30,22503.237671614832,22655.558670146762,22340.705423879466,22420.611673167645,1238539
2026-08-10 15:30:00+05:30,22511.569611209066,22706.639302559342,22437.967043017026,22615.81725017287,724707
2026-08-11 15:30:00+05:30,22620.776229243722,22707.222858615725,22463.91842194672,22571.26908531296,776299
2026-08-12 15:30:00+05:30,22573.23484800959,22758.34973924753,22498.95259562582,22512.464220683934,700505
2026-08-13 15:30:00+05:30,22413.543720974063,22535.402786977225,22301.261237440314,22370.093511749645,840709
2026-08-14 15:30:00+05:30,22420.81458367243,22448.783774572836,22206.219898052655,22444.27911624021,997349
2026-08-17 15:30:00+05:30,22517.34890443744,22578.691279236096,22061.870273390254,22187.524464268958,910551
2026-08-18 15:30:00+05:30,21994.969208086477,22531.611095642118,21994.188920473058,22303.534106728115,1148798
2026-08-19 15:30:00+05:30,22332.619576365436,22611.69639893897,22146.570579616142,22591.02423244694,646404
2026-08-20 15:30:00+05:30,22471.278729221413,22824.53353506764,22426.01463178769,22684.533297759157,882137
2026-08-21 15:30:00+05:30,22720.448548190492,22904.489499046296,22572.933968998463,22838.10795617408,653240
2026-08-24 15:30:00+05:30,22853.44655235701,23309.900179576172,22825.235003445727,23162.466417127962,561676
2026-08-25 15:30:00+05:30,23157.76390213448,23325.277924990292,23006.82039773767,23253.5864147134,805433
2026-08-26 15:30:00+05:30,23190.75739464815,23574.81303981032,23024.23091144888,23526.166765395024,958160
2026-08-27 15:30:00+05:30,23672.647968580175,23733.109367095105,23356.404301345447,23465.965956870008,694537
2026-08-28 15:30:00+05:30,23417.31638338614,23608.42568158473,23297.760181778627,23547.409995520506,642924
2026-08-31 15:30:00+05:30,23734.453992090643,23883.439567550133,23392.452890510333,23486.32708297287,804009
2026-09-01 15:30:00+05:30,23506.45564548451,23526.442752456696,23284.373785114654,23462.251588832754,650217
2026-09-02 15:30:00+05:30,23468.16426240587,23521.256920691216,23258.943636598782,23420.94492669485,803293
2026-09-03 15:30:00+05:30,23414.1852623694,23583.59059923326,23244.05598900393,23282.74126118964,729834
2026-09-04 15:30:00+05:30,23177.442928959754,23261.445003628924,22890.531235648123,23005.971197388306,627952
2026-09-07 15:30:00+05:30,22950.235784314795,23156.874982457848,22727.140189549653,23138.79241699812,1237728
